Title,Genres,Score,Popularity,Year
Fate/stay night [Heaven's Feel] III. spring song,"Action, Drama, Fantasy, Psychological, Supernatural, Thriller",85.0,95007,2020
Hatena☆Illusion,"Comedy, Romance, Supernatural",50.0,12861,2020
Entotsu-machi no Poupelle,Fantasy,59.0,2787,2020
Hizukuri,"Adventure, Fantasy, Sci-Fi",,2470,2020
22/7,"Drama, Music",64.0,17354,2020
Made in Abyss: Fukaki Tamashii no Reimei,"Action, Adventure, Drama, Fantasy, Horror, Mystery, Psychological, Sci-Fi",85.0,130668,2020
Plunderer,"Action, Adventure, Comedy, Drama, Ecchi, Fantasy, Romance",62.0,107855,2020
pet,"Drama, Psychological, Supernatural",59.0,28943,2020
Majutsushi Orphen Hagure Tabi,"Action, Adventure, Fantasy",55.0,19524,2020
High School Fleet Movie,"Action, Comedy",73.0,5905,2020
SHIROBAKO Movie,"Comedy, Drama, Slice of Life",76.0,17689,2020
BanG Dream! 3rd Season,"Comedy, Music, Slice of Life",78.0,13273,2020
Violet Evergarden Movie,"Drama, Fantasy, Slice of Life",87.0,156034,2020
IDOLiSH7: Second BEAT!,"Comedy, Drama, Music, Psychological",81.0,10094,2020
Strike Witches: Dai-501 Tougou Sentou Koukuudan ROAD to BERLIN,"Action, Ecchi, Sci-Fi",71.0,8195,2020
Fate/Grand Order: Shinsei Entaku Ryouiki Camelot - Wandering; Agateram,"Action, Fantasy",68.0,29639,2020
Sexfriend Gakuen,Hentai,48.0,1359,2020
Magia Record: Mahou Shoujo Madoka☆Magica Gaiden,"Drama, Mahou Shoujo, Mystery, Psychological, Thriller",65.0,47613,2020
Gochuumon wa Usagi desu ka? BLOOM,"Comedy, Slice of Life",78.0,19227,2020
Oshi ga Budoukan Ittekuretara Shinu,"Comedy, Music, Slice of Life",72.0,16483,2020
Heya Camp△,"Comedy, Slice of Life",72.0,29530,2020
Toaru Kagaku no Railgun T,"Action, Sci-Fi",81.0,60265,2020
Otome Game no Hametsu Flag shika Nai Akuyaku Reijou ni Tensei shiteshimatta…,"Comedy, Fantasy, Romance, Slice of Life",73.0,119744,2020
Kud Wafter,"Drama, Romance, Supernatural",69.0,6411,2020
Boku no Tonari ni Ankoku Hakaishin ga Imasu.,"Comedy, Slice of Life",61.0,18140,2020
Lapis Re:LiGHTs,"Fantasy, Music",63.0,16211,2020
Darwin's Game,"Action, Mystery, Sci-Fi, Thriller",70.0,144530,2020
Dorohedoro,"Action, Adventure, Comedy, Fantasy, Horror, Mystery",79.0,141851,2020
Tsukiuta. THE ANIMATION 2,Music,62.0,2290,2020
Koukaku Kidoutai: SAC_2045,"Action, Mystery, Sci-Fi",62.0,11043,2020
"Hachi-nan tte, Sore wa Nai deshou!","Adventure, Fantasy",61.0,62599,2020
Itai no wa Iya nano de Bougyoryoku ni Kyokufuri Shitai to Omoimasu.,"Action, Adventure, Comedy, Fantasy, Slice of Life",74.0,142961,2020
Haikyuu!! TO THE TOP,"Comedy, Drama, Sports",83.0,247341,2020
Nekopara,"Comedy, Slice of Life",64.0,49358,2020
Rikei ga Koi ni Ochita no de Shoumei shitemita.,"Comedy, Romance",71.0,98631,2020
Kyokou Suiri,"Comedy, Mystery, Romance, Supernatural",68.0,130970,2020
Jashin-chan Dropkick’,"Comedy, Slice of Life, Supernatural",73.0,15357,2020
Infinite Dendrogram,"Action, Adventure, Fantasy",58.0,47418,2020
A3! SEASON SPRING ＆ SUMMER,"Comedy, Drama",68.0,10914,2020
Princess Connect! Re:Dive,"Adventure, Comedy, Fantasy",69.0,80630,2020
Kyochuu Rettou Movie,"Action, Drama, Ecchi, Horror, Mystery, Thriller",39.0,8031,2020
Koisuru Asteroid,"Comedy, Slice of Life",66.0,32340,2020
Gleipnir,"Action, Ecchi, Mystery, Supernatural",66.0,124164,2020
Digimon Adventure: LAST EVOLUTION Kizuna,"Action, Adventure, Drama, Fantasy, Sci-Fi",80.0,11171,2020
Tsugu Tsugumomo,"Action, Comedy, Ecchi, Supernatural",72.0,24552,2020
Tsugumomo OVA,"Action, Comedy, Ecchi, Supernatural",67.0,6274,2020
Dragon’s Dogma,"Action, Adventure, Fantasy, Supernatural",54.0,6972,2020
Kuutei Dragons,"Action, Adventure, Fantasy",67.0,13358,2020
Jibaku Shounen Hanako-kun,"Action, Comedy, Drama, Mystery, Supernatural",77.0,197018,2020
Yahari Ore no Seishun Love Come wa Machigatteiru. Kan,"Comedy, Drama, Romance, Slice of Life",82.0,179088,2020
Baki: Dai Raitaisai-hen,"Action, Sports",75.0,44328,2020
Somali to Mori no Kamisama,"Adventure, Drama, Fantasy, Slice of Life",76.0,82604,2020
Goblin Slayer: GOBLIN'S CROWN,"Action, Adventure, Fantasy",71.0,81571,2020
number24,Sports,64.0,19435,2020
Kitsutsuki Tantei Dokoro,Mystery,57.0,8754,2020
Majo Minarai wo Sagashite,"Comedy, Mahou Shoujo",76.0,4740,2020
Re:Zero kara Hajimeru Isekai Seikatsu 2nd Season,"Action, Adventure, Drama, Fantasy, Psychological, Thriller",82.0,288775,2020
Ochikobore Fruit Tart,"Comedy, Ecchi, Music, Slice of Life",64.0,15417,2020
ACCA: 13-ku Kansatsu-ka - Regards,"Drama, Mystery",70.0,6179,2020
Umayon,"Comedy, Slice of Life",63.0,6234,2020
Houkago Teibou Nisshi,"Comedy, Slice of Life, Sports",71.0,22290,2020
Yesterday wo Utatte,"Drama, Romance, Slice of Life",67.0,85528,2020
"Omoi, Omoware, Furi, Furare","Drama, Romance",71.0,26216,2020
Saezuru Tori wa Habatakanai: The clouds gather,"Drama, Romance",71.0,11066,2020
Adachi to Shimamura,"Romance, Slice of Life",70.0,65470,2020
Eizouken ni wa Te wo Dasu na!,"Adventure, Comedy, Slice of Life",79.0,99609,2020
Mushikago no Cagaster,"Action, Drama, Sci-Fi",61.0,11258,2020
Haishin Yuusha,"Comedy, Fantasy",,366,2020
LISTENERS,"Action, Adventure, Mecha, Music, Sci-Fi",49.0,21175,2020
Uchitama?! Uchi no Tama Shirimasenka?,"Comedy, Slice of Life",65.0,7085,2020
Muhyo to Rouji no Mahouritsu Soudan Jimusho 2,"Action, Comedy, Mystery, Supernatural",65.0,6965,2020
Yatogame-chan Kansatsu Nikki Nisatsume,"Comedy, Slice of Life",62.0,5506,2020
Tamayomi,"Slice of Life, Sports",51.0,11785,2020
Isekai Quartet 2,"Comedy, Fantasy, Slice of Life",72.0,56558,2020
Ishuzoku Reviewers,"Comedy, Ecchi, Fantasy",72.0,92137,2020
"Onii-chan, Asa made Zutto Gyutte Shite!",Hentai,64.0,3091,2020
GREAT PRETENDER,"Action, Comedy, Drama, Thriller",82.0,189769,2020
ID: INVADED,"Drama, Mystery, Psychological, Sci-Fi, Thriller",77.0,104999,2020
Deca-Dence,"Action, Adventure, Sci-Fi",71.0,84884,2020
BNA,"Action, Comedy, Fantasy",72.0,110828,2020
Golden Kamuy 3rd Season,"Action, Adventure, Comedy",83.0,42252,2020
Koi to Producer: EVOL×LOVE,"Drama, Romance, Sci-Fi",58.0,19212,2020
Tsuujou Kougeki ga Zentai Kougeki de Ni-kai Kougeki no Okaasan wa Suki desu ka? OVA,"Action, Comedy, Ecchi, Fantasy",58.0,15002,2020
Gibiate,"Action, Horror",32.0,18834,2020
Shironeko Project: ZERO CHRONICLE,"Action, Adventure, Fantasy, Romance",51.0,25116,2020
Microphone Soul Spinners: Kotodama Shoujo,"Comedy, Music",43.0,689,2020
Arte,"Drama, Romance, Slice of Life",69.0,36930,2020
Oda Cinnamon Nobunaga,"Comedy, Slice of Life",59.0,5924,2020
ARP Backstage Pass,Music,48.0,2273,2020
Maesetsu!,"Comedy, Slice of Life",52.0,5071,2020
Aggressive Retsuko Season 3,"Comedy, Music, Slice of Life",77.0,24778,2020
WAVE!! Surfing Yappe!!,"Slice of Life, Sports",58.0,14489,2020
A3! SEASON AUTUMN & WINTER,"Comedy, Drama",71.0,7542,2020
Sekaiichi Hatsukoi: Propose-hen,"Comedy, Drama, Romance",71.0,5991,2020
Mewkledreamy,"Adventure, Comedy, Fantasy, Mahou Shoujo",68.0,4788,2020
Crayon Shin-chan: Gekitotsu! Rakugaki Kingdom to Hobo Yonin no Yuusha,"Comedy, Fantasy",67.0,972,2020
Gal to Kyouryuu,"Comedy, Slice of Life",60.0,13065,2020
Ikebukuro West Gate Park,"Drama, Mystery",65.0,38372,2020
Maou-jou de Oyasumi,"Comedy, Fantasy, Slice of Life",78.0,62754,2020
Shin Sakura Taisen the Animation,"Adventure, Mecha, Sci-Fi",53.0,6405,2020
Runway de Waratte,"Drama, Slice of Life",73.0,35329,2020
Given Movie,"Drama, Music, Romance",80.0,83479,2020
Fruits Basket: 2nd Season,"Comedy, Drama, Psychological, Romance, Slice of Life, Supernatural",85.0,155251,2020
Haikyuu!! Riku VS Kuu,"Comedy, Drama, Sports",78.0,106282,2020
Date A Bullet: Dead or Bullet,Sci-Fi,73.0,27770,2020
Ongaku,"Comedy, Music, Slice of Life",75.0,7296,2020
Housekishou Richard-shi no Nazo Kantei,"Drama, Mystery, Slice of Life",69.0,19027,2020
Peter Grill to Kenja no Jikan,"Comedy, Ecchi, Fantasy",52.0,49215,2020
Zenonzard: THE ANIMATION,"Action, Drama, Sci-Fi",55.0,6305,2020
Dungeon ni Deai wo Motomeru no wa Machigatteiru Darou ka III,"Action, Adventure, Comedy, Fantasy, Romance",74.0,160402,2020
Dungeon ni Deai wo Motomeru no wa Machigatteiru Darou ka II: Mujintou ni Yakusou wo Motomeru no wa Machigatteiru Darou ka,"Adventure, Comedy, Ecchi, Fantasy, Romance",63.0,31792,2020
Kimetsu no Yaiba: Mugen Ressha-hen,"Action, Adventure, Drama, Fantasy, Mystery, Supernatural",84.0,404302,2020
Chuubyou Gekihatsu Boy: Otoko ni Umareta Shukumei Dakara,"Comedy, Slice of Life",65.0,2339,2020
Naka no Hito Genome [Jikkyouchuu]: KNOTS OF MEMORIES,"Comedy, Drama",66.0,6188,2020
Chou Futsuu Toshi Kashiwa Densetsu R,"Comedy, Fantasy",42.0,1548,2020
Murenase! Seton Gakuen,"Comedy, Ecchi, Romance",67.0,48623,2020
Strike the Blood IV,"Action, Ecchi, Fantasy, Supernatural",67.0,23843,2020
Mahouka Koukou no Rettousei: Raihousha-hen,"Action, Romance, Sci-Fi, Supernatural",71.0,95331,2020
"Maou Gakuin no Futekigousha: Shijou Saikyou no Maou no Shiso, Tensei shite Shison-tachi no Gakkou e Kayou","Action, Comedy, Fantasy",72.0,210059,2020
Major 2nd Season 2,"Comedy, Drama, Sports",74.0,5885,2020
Strike the Blood: Kieta Seisou-hen,"Action, Ecchi, Fantasy, Supernatural",66.0,8887,2020
Shadowverse,Fantasy,52.0,5951,2020
Nami yo Kiitekure,"Comedy, Drama, Romance, Slice of Life",70.0,24788,2020
Nihon Chinbotsu: 2020,"Drama, Sci-Fi",63.0,48604,2020
Chii-chan Kaihatsu Nikki,Hentai,59.0,2292,2020
Youma Shoukan e Youkoso!,Hentai,63.0,2939,2020
Appare-Ranman!,"Action, Adventure, Comedy",70.0,38648,2020
Assault Lily: BOUQUET,"Action, Fantasy",61.0,30376,2020
KING OF PRISM ALL STARS: Prism Show☆Best Ten,"Music, Sports",56.0,637,2020
Mashin Eiyuuden Wataru: Shichi Kon no Ryuujinmaru,"Action, Adventure, Comedy, Mecha, Sci-Fi",51.0,466,2020
Majo no Tabitabi,"Adventure, Fantasy, Slice of Life",74.0,120711,2020
Precure Miracle Leap: Minna to no Fushigi na Ichinichi,"Adventure, Fantasy, Mahou Shoujo, Sci-Fi",71.0,1564,2020
Kaguya-sama wa Kokurasetai?: Tensaitachi no Renai Zunousen,"Comedy, Psychological, Romance, Slice of Life",86.0,357710,2020
"Kimi to Boku no Saigo no Senjou, Aruiwa Sekai ga Hajimaru Seisen","Action, Fantasy, Romance",65.0,83013,2020
7SEEDS 2,"Action, Drama, Sci-Fi",69.0,17596,2020
Healin' Good♥Precure,"Action, Fantasy, Mahou Shoujo",66.0,5627,2020
Umibe no Étranger,"Drama, Romance, Slice of Life",77.0,64373,2020
No Guns Life 2,"Action, Drama, Sci-Fi",68.0,20582,2020
Dokyuu Hentai HxEros,"Action, Comedy, Ecchi, Romance, Supernatural",54.0,40922,2020
Tonari no Ie no Anette-san THE ANIMATION,Hentai,64.0,2412,2020
Yes ka No ka Hanbun ka,Romance,68.0,17068,2020
Enjo Kouhai,Hentai,69.0,3871,2020
Shoujo☆Kageki Revue Starlight: Rondo Rondo Rondo,"Action, Drama, Music",76.0,4751,2020
ARGONAVIS from BanG Dream!,"Drama, Music",62.0,4707,2020
Kingdom 3rd Season,Action,85.0,18900,2020
Null Peta: Doki♥ Nullnull Petapeta! Mizugi Darake no Onee-chan Taikai!,"Comedy, Ecchi, Sci-Fi",52.0,1927,2020
Shikijou Kyoudan,Hentai,65.0,2481,2020
Monster Musume no Oisha-san,"Comedy, Ecchi, Fantasy, Romance",62.0,52545,2020
Kakushigoto,"Comedy, Slice of Life",78.0,93016,2020
Natsunagu!,"Drama, Slice of Life",56.0,8825,2020
Jujutsu Kaisen,"Action, Drama, Supernatural",85.0,740153,2020
Dounika Naru Hibi,"Drama, Romance, Slice of Life",51.0,7984,2020
Overflow,"Comedy, Hentai, Romance",67.0,29134,2020
Hulaing Babies☆Petit,"Comedy, Slice of Life",42.0,414,2020
Rebirth,"Comedy, Slice of Life",48.0,1586,2020
SHOW BY ROCK!! Mashumairesh!!,"Comedy, Music",69.0,5949,2020
Youkai Watch Jam: Youkai Gakuen Y - N to no Souguu,"Comedy, Fantasy, Supernatural",61.0,884,2020
Haikyuu!! TO THE TOP 2,"Comedy, Drama, Sports",85.0,212629,2020
"Shachou, Battle no Jikan desu!","Action, Adventure, Fantasy",53.0,10946,2020
Josee to Tora to Sakanatachi,"Drama, Romance, Slice of Life",82.0,134636,2020
Aisei Tenshi Love Mary: Akusei Jutai THE ANIMATION,"Hentai, Mahou Shoujo",54.0,1908,2020
Hypnosis Mic -Division Rap Battle- Rhyme Anima,"Action, Music, Sci-Fi",64.0,22840,2020
Doraemon: Nobita no Shin Kyoryuu,"Adventure, Comedy, Sci-Fi",73.0,1831,2020
Honzuki no Gekokujou: Shisho ni Naru Tame ni wa Shudan wo Erandeiraremasen 2nd Season,"Fantasy, Slice of Life",79.0,55239,2020
Kyonyuu Princess Saimin,Hentai,64.0,3289,2020
Honzuki no Gekokujou: Shisho ni Naru Tame ni wa Shudan wo Erandeiraremasen OVA,"Fantasy, Slice of Life",74.0,14452,2020
"Kanojo, Okarishimasu","Comedy, Drama, Romance",66.0,255129,2020
Breakers,Sports,57.0,3581,2020
Gaina Tamager,Sci-Fi,,165,2020
Keishicho Tokumu-bu Tokushu Kyoaku-han Taisaku-Shitsu Dai-Nana-ka: Tokunana OVA File 0.5,"Action, Drama, Psychological",54.0,1278,2020
BanG Dream! Garupa☆Pico: Oomori,"Comedy, Music",75.0,4782,2020
PSYCHO-PASS 3: FIRST INSPECTOR,"Action, Psychological, Sci-Fi, Thriller",77.0,26925,2020
Hakumei no Tsubasa,"Adventure, Drama, Fantasy, Slice of Life",74.0,10789,2020
Hajimete no Hitozuma,Hentai,64.0,3190,2020
Love Live! Nijigasaki Gakuen School Idol Doukoukai,"Music, Slice of Life",73.0,28200,2020
Kiratto Pri☆Chan Season 3,"Comedy, Music, Slice of Life",71.0,1293,2020
Toji no Miko: Kizamishi Issen no Tomoshibi,"Action, Fantasy",63.0,2224,2020
Shokugeki no Souma: Gou no Sara,"Comedy, Drama, Ecchi",71.0,125556,2020
Girls und Panzer: Taiyaki War!,Comedy,72.0,3969,2020
Yu☆Gi☆Oh! SEVENS,"Action, Fantasy, Sci-Fi",57.0,5094,2020
Dragon Quest: Dai no Daibouken (2020),"Action, Adventure, Fantasy",72.0,20226,2020
Yuukoku no Moriarty,"Drama, Mystery, Psychological",80.0,126426,2020
Ore wo Suki nano wa Omae dake ka yo: Oretachi no Game Set,"Comedy, Drama, Romance, Slice of Life",73.0,36467,2020
Urashimasakatasen no Nichijou OVA,"Comedy, Slice of Life",45.0,339,2020
Gundam Build Divers Re:RISE 2nd Season,"Action, Mecha, Sci-Fi",72.0,3580,2020
Enen no Shouboutai: Ni no Shou,"Action, Drama, Sci-Fi, Supernatural",78.0,234324,2020
Inmou,Hentai,54.0,1684,2020
Jitaku Keibiin 2,Hentai,59.0,2098,2020
22/7: 8+3=?,Music,62.0,3457,2020
Rail Romanesque,Slice of Life,47.0,10150,2020
Sword Art Online: Alicization - War of Underworld Part 2,"Action, Adventure, Fantasy",74.0,159806,2020
Gundam: G no Reconguista II - Bellri Gekishin,"Action, Mecha, Sci-Fi",67.0,1464,2020
Kuma Kuma Kuma Bear,"Adventure, Comedy, Fantasy, Slice of Life",70.0,48331,2020
Hakushon Daimaou 2020,"Comedy, Fantasy",50.0,450,2020
Bungou to Alchemist: Shinpan no Haguruma,"Action, Adventure, Fantasy",59.0,15345,2020
Hentatsu (TV Short),"Adventure, Comedy",49.0,1989,2020
Koisuru Asteroid: KiraKira Zoukangou,"Comedy, Slice of Life",55.0,998,2020
Tenchi Muyou! Ryououki Dai 5-ki,"Action, Comedy, Sci-Fi",60.0,1417,2020
Higurashi no Naku Koro ni Gou,"Drama, Horror, Mystery, Psychological, Supernatural, Thriller",69.0,71564,2020
Saint Seiya: Knights of the Zodiac Part 2,"Adventure, Fantasy, Sci-Fi",52.0,1407,2020
Pocket Monsters: Coco,"Action, Adventure, Fantasy",72.0,9333,2020
Dorohedoro: Ma no Omake,"Comedy, Fantasy, Horror",71.0,19646,2020
LALALACOCO,Comedy,,109,2020
Marumaru Manul,Comedy,,193,2020
Tomika Kizuna Gattai: Earth Granner,"Action, Adventure, Mecha, Sci-Fi",48.0,635,2020
OBSOLETE Part II,"Mecha, Sci-Fi",56.0,669,2020
Marulk-chan no Nichijou,Slice of Life,66.0,9365,2020
Mobile Suit Gakuen: Kaette Kita G-Reco Koushien,Comedy,,244,2020
Saezuru Doubutsu wa Yarushikanai!,Comedy,55.0,459,2020
Digimon Adventure:,"Action, Adventure, Fantasy, Sci-Fi",62.0,19070,2020
Kidou Senshi Gundam G40,"Action, Mecha, Sci-Fi",54.0,1555,2020
Fugou Keiji: Balance:UNLIMITED,"Action, Comedy, Mystery, Sci-Fi",74.0,142635,2020
Zashiki-Warashi no Tatami-chan,"Comedy, Supernatural",45.0,2077,2020
Kandagawa JET GIRLS OVA,"Ecchi, Sports",51.0,2670,2020
Battle Spirits: Kakumei no Gallet,"Adventure, Sci-Fi",54.0,529,2020
Rebecca,Slice of Life,59.0,784,2020
Michiru Rescue!,,,230,2020
Fukai ni Nemuru Oujo no Abaddon THE ANIMATION,"Hentai, Horror, Mystery, Supernatural",49.0,722,2020
Ometeotl≠HERO,Sci-Fi,,267,2020
Niplheim no Karyuudo,Hentai,46.0,634,2020
Nakitai Watashi wa Neko wo Kaburu,"Drama, Fantasy, Romance",72.0,151650,2020
Heya Camp△: Sauna to Gohan to Sanrin Bike,Slice of Life,74.0,7885,2020
D4DJ First Mix,"Music, Slice of Life",74.0,16345,2020
Suketto Sanjou!! THE ANIMATION,"Hentai, Sports",64.0,2785,2020
Kouya no Kotobuki Hikoutai: Kanzenban,"Action, Adventure",50.0,863,2020
Digimon Adventure: 20th Memorial Story,"Comedy, Drama, Sci-Fi, Slice of Life",64.0,2295,2020
Uzaki-chan wa Asobitai!,"Comedy, Ecchi, Romance, Slice of Life",67.0,120001,2020
Sotsugyou Chikan Densha,Hentai,46.0,1043,2020
Chiisana Tsubomi no Sono Oku ni...,Hentai,62.0,3075,2020
Yarichin Kateikyoushi Netori Houkoku: Dosukebe Kyonyuu Oyakodon,Hentai,67.0,4070,2020
Ane wa Yanmama Junyuu-chuu,Hentai,74.0,9768,2020
Bessatsu Olympia Kyklos,"Comedy, Fantasy, Slice of Life, Sports",66.0,6368,2020
Poccolies,"Comedy, Fantasy",,156,2020
Haikyuu!! Ningyou Anime,Sports,64.0,4126,2020
Kami no Tou: Tower of God,"Action, Adventure, Drama, Fantasy, Mystery",74.0,274752,2020
Haritsuke,Hentai,50.0,1262,2020
Cinderella Girls Gekijou: Extra Stage,"Comedy, Music, Slice of Life",58.0,965,2020
Majutsushi Orphen Hagure Tabi: Tenjin no Isan,"Action, Adventure, Fantasy",58.0,3457,2020
Watanuki-san Chi to,"Drama, Slice of Life",46.0,654,2020
Cardfight!! Vanguard Gaiden: if,"Action, Adventure, Comedy, Mahou Shoujo",62.0,1649,2020
"Tenioha! 2: Limit Over - Mada Mada Ippai, Ecchi Shiyo? THE ANIMATION",Hentai,64.0,1772,2020
Meltys Quest,Hentai,55.0,1006,2020
Altered Carbon: Resleeved,"Action, Drama, Sci-Fi",61.0,2904,2020
Kamitachi ni Hirowareta Otoko,"Adventure, Fantasy, Slice of Life",68.0,59275,2020
Kyouryuu Shoujo Gauko Season 2,"Comedy, Slice of Life",56.0,406,2020
Ore no Yubi de Midarero.: Heitengo Futarikiri no Salon de… ,"Ecchi, Hentai, Romance",56.0,5538,2020
Komatta Jii-san,Comedy,58.0,1352,2020
NOBLESSE,"Action, Supernatural",65.0,80595,2020
THE GOD OF HIGH SCHOOL,"Action, Comedy, Supernatural",69.0,250273,2020
One Room: Third Season,"Romance, Slice of Life",61.0,10588,2020
Shin Evangelion Movie:||,"Action, Drama, Mecha, Psychological, Sci-Fi",85.0,93628,2021
Alice in Deadly School,"Supernatural, Thriller",50.0,6492,2021
Megaton-kyuu Musashi,Mecha,59.0,5100,2021
EUREKA: Koukyoushihen Eureka Seven Hi-Evolution,"Action, Adventure, Drama, Mecha, Sci-Fi",61.0,4159,2021
Sidonia no Kishi: Ai Tsumugu Hoshi,"Action, Drama, Mecha, Sci-Fi",72.0,7498,2021
Eiga Daisuki Pompo-san,"Comedy, Drama",81.0,22275,2021
Etotama: Nyankyaku Banrai,"Action, Comedy, Fantasy",60.0,2788,2021
Princess Principal: Crown Handler - Chapter 1,"Action, Adventure, Sci-Fi",75.0,15548,2021
B: The Beginning Succession,"Action, Mystery, Psychological, Supernatural, Thriller",61.0,24685,2021
Fate/Grand Order: Shinsei Entaku Ryouiki Camelot - Paladin; Agateram,"Action, Fantasy",75.0,24868,2021
"Kumo desu ga, Nani ka?","Action, Adventure, Comedy, Fantasy, Mystery",72.0,118843,2021
Bishoujo Senshi Sailor Moon: Eternal - Kouhen,"Drama, Fantasy, Mahou Shoujo, Romance",76.0,8287,2021
Bishoujo Senshi Sailor Moon: Eternal - Zenpen,"Drama, Fantasy, Mahou Shoujo, Romance",74.0,9415,2021
BEAN BANDIT,Action,46.0,1923,2021
Yuru Camp△ SEASON 2,"Comedy, Slice of Life",84.0,67021,2021
Shikizakura,Sci-Fi,53.0,5286,2021
Kidou Senshi Gundam: Senkou no Hathaway,"Action, Drama, Mecha, Sci-Fi",78.0,13984,2021
BLADE RUNNER: BLACK LOTUS,Sci-Fi,58.0,8208,2021
EX-ARM,"Action, Sci-Fi",21.0,22820,2021
Free!: the Final Stroke - Zenpen,"Drama, Slice of Life, Sports",76.0,21688,2021
Cider no You ni Kotoba ga Wakiagaru,"Romance, Slice of Life",74.0,81021,2021
Kobayashi-san Chi no Maidragon S,"Comedy, Fantasy, Slice of Life",82.0,139955,2021
Mushoku Tensei: Isekai Ittara Honki Dasu,"Adventure, Drama, Ecchi, Fantasy",82.0,335247,2021
Tensei Shitara Slime Datta Ken 2nd Season,"Action, Adventure, Comedy, Fantasy",83.0,246886,2021
Hataraku Saibou!!,"Action, Comedy, Sci-Fi",72.0,78124,2021
Yakusoku no Neverland 2,"Action, Adventure, Drama, Fantasy, Horror, Psychological, Thriller",51.0,279152,2021
Sakugan,"Adventure, Mecha, Sci-Fi",63.0,29753,2021
I★CHU: HALFWAY THROUGH THE IDOL,Music,62.0,5543,2021
Eden,"Adventure, Sci-Fi",61.0,8132,2021
Go-toubun no Hanayome ∬,"Comedy, Drama, Romance, Slice of Life",79.0,181513,2021
Non Non Biyori: Nonstop,"Comedy, Slice of Life",83.0,34939,2021
MUTEKING THE Dancing HERO,"Action, Comedy, Music, Sci-Fi",56.0,2792,2021
Super Crooks,"Action, Drama, Thriller",71.0,29559,2021
Vlad Love,"Comedy, Supernatural",55.0,12748,2021
Journey: Taiko Arabia Hantou de no Kiseki to Tatakai no Monogatari,"Action, Adventure",66.0,5487,2021
Shingeki no Kyojin: The Final Season,"Action, Drama, Fantasy, Mystery",86.0,514011,2021
Zombie Land Saga: Revenge,"Comedy, Music, Supernatural",79.0,60929,2021
Uchuu Senkan Yamato 2205: Aratanaru Tabidachi,"Action, Sci-Fi",73.0,2566,2021
"Dragon, Ie wo Kau.","Comedy, Fantasy",59.0,16237,2021
Jaku-Chara Tomozaki-kun,"Comedy, Drama, Romance, Slice of Life",70.0,112327,2021
"Slime Taoshite 300-nen, Shiranai Uchi ni Level MAX ni Nattemashita","Adventure, Comedy, Fantasy, Slice of Life",69.0,107040,2021
Tatoeba Last Dungeon Mae no Mura no Shounen ga Joban no Machi de Kurasu Youna Monogatari,"Adventure, Comedy, Fantasy",62.0,74927,2021
Muv-Luv Alternative,"Action, Drama, Mecha, Romance, Sci-Fi",54.0,13412,2021
Uramichi Oniisan,"Comedy, Slice of Life",76.0,71084,2021
Shoujo☆Kageki Revue Starlight Movie,"Action, Drama, Music, Psychological",87.0,15598,2021
2.43: Seiin Koukou Danshi Volley-bu,"Drama, Slice of Life, Sports",59.0,42297,2021
Ryouma! The Prince of Tennis Shinsei Tennis no Ouji-sama,"Action, Comedy, Sports",54.0,1380,2021
NOMAD: Megalo Box 2,"Action, Drama, Sci-Fi, Sports",81.0,50057,2021
KAIJU DECODE,"Action, Sci-Fi",,796,2021
Super Cub,Slice of Life,72.0,39215,2021
Kaifuku Jutsushi no Yarinaoshi,"Action, Adventure, Ecchi, Fantasy",57.0,122081,2021
Bishounen Tanteidan,"Comedy, Mystery, Sci-Fi",69.0,43534,2021
SHOW BY ROCK!! STARS!!,"Comedy, Music",71.0,4581,2021
Skate-Leading☆Stars,"Drama, Sports",62.0,13988,2021
planetarian: Snow Globe,"Drama, Fantasy, Romance, Sci-Fi",70.0,4678,2021
Meitantei Conan: Hiiro no Dangan,"Action, Drama, Mystery",77.0,6591,2021
Seitokai Yakuindomo Movie 2,"Comedy, Slice of Life",75.0,9595,2021
Ousama Ranking,"Action, Adventure, Drama, Fantasy",84.0,174954,2021
IDOLY PRIDE,"Drama, Music, Slice of Life, Supernatural",71.0,22012,2021
Dr. STONE: STONE WARS,"Action, Adventure, Comedy, Sci-Fi",81.0,267586,2021
SSSS.DYNAZENON,"Action, Mecha, Romance, Sci-Fi",74.0,43339,2021
Bokutachi no Remake,"Drama, Romance, Slice of Life",72.0,89486,2021
Kemono Jihen,"Action, Drama, Mystery, Supernatural",72.0,104867,2021
World Trigger 2nd Season,"Action, Sci-Fi",80.0,36758,2021
Gintama: THE FINAL,"Action, Comedy, Drama, Sci-Fi",91.0,42988,2021
BEASTARS 2,"Drama, Mystery, Psychological, Romance, Slice of Life",78.0,119533,2021
Hige wo Soru. Soshite Joshikousei wo Hirou.,"Drama, Romance, Slice of Life",70.0,155956,2021
Hortensia Saga,"Action, Adventure, Drama, Fantasy",54.0,18754,2021
Cheat Kusushi no Slow Life: Isekai ni Tsukurou Drugstore,"Comedy, Fantasy, Slice of Life",61.0,40450,2021
Shin Chuuka Ichiban! 2,Comedy,62.0,1602,2021
Back Arrow,"Action, Adventure, Fantasy, Mecha, Sci-Fi",58.0,13814,2021
Azur Lane: Bisoku Zenshin!,"Ecchi, Slice of Life",67.0,13148,2021
Fumetsu no Anata e,"Adventure, Drama, Fantasy, Psychological, Supernatural",81.0,250137,2021
Koi to Yobu ni wa Kimochi Warui,"Comedy, Romance, Slice of Life",68.0,57581,2021
Log Horizon: Entaku Houkai,"Action, Adventure, Comedy, Fantasy",69.0,59123,2021
Love Live! Superstar!!,"Music, Slice of Life",78.0,25441,2021
MARS RED,"Action, Drama, Sci-Fi, Supernatural",63.0,40290,2021
Saezuru Tori wa Habatakanai: Don't stay gold,"Drama, Romance",68.0,4185,2021
Sore Ike! Anpanman: Fuwa Fuwa Fuwaly to Kumo no Kuni,"Comedy, Fantasy",,163,2021
Tokyo 7th Sisters: Bokura wa Aozora ni Naru,Music,60.0,1933,2021
Ura Sekai Picnic,"Adventure, Fantasy, Mystery, Sci-Fi, Supernatural",63.0,40648,2021
Mairimashita! Iruma-kun 2,"Comedy, Fantasy, Supernatural",80.0,80843,2021
"Sentouin, Hakenshimasu!","Action, Adventure, Comedy, Ecchi, Fantasy, Sci-Fi",68.0,97122,2021
86: Eighty Six,"Action, Drama, Mecha, Sci-Fi",82.0,227325,2021
BanG Dream! FILM LIVE 2nd Stage,Music,77.0,3311,2021
Kiniro Mosaic: Thank you!!,"Comedy, Slice of Life",75.0,5322,2021
100-Nichikan Ikita Wani,"Drama, Slice of Life",54.0,849,2021
Tensei Shitara Slime Datta Ken: Tensura Nikki,"Adventure, Comedy, Fantasy, Slice of Life",74.0,81004,2021
Tensei Shitara Slime Datta Ken 2nd Season Part 2,"Action, Adventure, Comedy, Fantasy",82.0,203601,2021
Nanatsu no Taizai: Funnu no Shinpan,"Action, Adventure, Comedy, Ecchi, Fantasy, Supernatural",65.0,114097,2021
Fate/Grand Order: Shuukyoku Tokuiten - Kani Jikan Shinden Solomon,"Action, Fantasy, Supernatural",76.0,24430,2021
WIXOSS DIVA(A)LIVE,"Music, Sci-Fi",50.0,4082,2021
Magia Record: Mahou Shoujo Madoka☆Magica Gaiden 2nd SEASON - Kakusei Zenya,"Drama, Mahou Shoujo, Mystery, Psychological, Thriller",69.0,19659,2021
Maiko-san Chi no Makanai-san,Slice of Life,67.0,6523,2021
Majutsushi Orphen Hagure Tabi: Kimluck-hen,"Action, Adventure, Fantasy",60.0,6940,2021
Boku no Hero Academia 5,"Action, Adventure, Comedy, Sci-Fi",73.0,332640,2021
Isekai Maou to Shoukan Shoujo no Dorei Majutsu Ω,"Comedy, Ecchi, Fantasy",66.0,103281,2021
Hataraku Saibou BLACK,"Action, Drama, Sci-Fi",73.0,57417,2021
ARIA The CREPUSCOLO,"Fantasy, Sci-Fi, Slice of Life",78.0,6412,2021
Genjitsu Shugi Yuusha no Oukoku Saikenki,"Action, Adventure, Fantasy, Romance",71.0,102419,2021
Tenchi Souzou Design-bu,"Comedy, Fantasy, Slice of Life",69.0,23093,2021
BanG Dream! Episode of Roselia I: Yakusoku,Music,75.0,4667,2021
BanG Dream! Episode of Roselia II: Song I am.,Music,79.0,4197,2021
Megami-ryou no Ryoubo-kun.,"Comedy, Ecchi, Romance, Slice of Life",62.0,53169,2021
Kyuuketsuki Sugu Shinu,"Comedy, Supernatural",70.0,27912,2021
Macross Δ: Zettai LIVE!!!!!!,"Action, Mecha, Music, Romance, Sci-Fi",77.0,3659,2021
Ore dake Haireru Kakushi Dungeon,"Action, Adventure, Comedy, Ecchi, Fantasy, Romance",60.0,99508,2021
Kamiarizuki no Kodomo,"Adventure, Supernatural",63.0,7684,2021
Fate/kaleid liner Prisma☆Illya: Licht - Namae no Nai Shoujo,"Action, Drama, Fantasy, Mahou Shoujo",71.0,12318,2021
Yuuki Yuuna wa Yuusha de Aru Churutto!,"Comedy, Slice of Life",59.0,2141,2021
Soukou Musume Senki,"Action, Mecha, Sci-Fi",52.0,4803,2021
Re:Zero kara Hajimeru Isekai Seikatsu 2nd Season Part 2,"Action, Adventure, Drama, Fantasy, Psychological, Romance, Thriller",84.0,227436,2021
SHAMAN KING (2021),"Action, Adventure, Comedy, Supernatural",64.0,68704,2021
EDENS ZERO,"Action, Adventure, Comedy, Fantasy, Sci-Fi",70.0,74093,2021
Thunderbolt Fantasy: Touriken Yuuki 3,"Action, Drama, Fantasy",79.0,1891,2021
Tokyo Revengers,"Action, Drama, Romance, Supernatural",77.0,364824,2021
Bungou Stray Dogs Wan!,"Comedy, Slice of Life, Supernatural",79.0,32143,2021
Otome Game no Hametsu Flag shika Nai Akuyaku Reijou ni Tensei shiteshimatta… X,"Comedy, Fantasy, Romance, Slice of Life",71.0,63452,2021
Subarashiki Kono Sekai The Animation,"Action, Supernatural",57.0,24220,2021
Battle Athletess Daiundoukai: ReSTART!,"Action, Adventure, Sci-Fi, Sports",45.0,2764,2021
Meikyuu Black Company,"Comedy, Fantasy",70.0,57769,2021
Senpai ga Uzai Kouhai no Hanashi,"Comedy, Romance, Slice of Life",75.0,90296,2021
"Ijiranaide, Nagatoro-san","Comedy, Romance, Slice of Life",70.0,219604,2021
Shakunetsu Kabaddi,"Action, Drama, Sports",67.0,33093,2021
Healin' Good♥Precure: Yume no Machi de Kyun! Tto GoGo! Dai Henshin!!,"Action, Fantasy, Mahou Shoujo",71.0,1593,2021
Konbini Shoujo Z,Hentai,55.0,1251,2021
World Witches Hasshin Shimasu!,"Comedy, Sci-Fi",61.0,3420,2021
Cardfight!! Vanguard: overDress,"Action, Adventure",58.0,5276,2021
Kaizoku Oujo,"Action, Adventure, Romance",69.0,57743,2021
Yakunara Mug Cup Mo,"Comedy, Slice of Life",63.0,17393,2021
Yuuki Yuuna wa Yuusha de Aru: Dai-Mankai no Shou,"Action, Drama, Fantasy, Mahou Shoujo, Psychological",73.0,8763,2021
Utau Soccer Panda Mifanda,"Music, Slice of Life",,115,2021
Mashiro no Oto,"Drama, Music",73.0,42019,2021
Heion Sedai no Idaten-tachi,"Action, Adventure, Fantasy",74.0,51939,2021
Peach Boy Riverside,"Adventure, Fantasy",60.0,50826,2021
Ijirare: Fukushuu Saimin,Hentai,71.0,6458,2021
Toutotsu ni Egypt Shin,"Comedy, Fantasy, Slice of Life, Supernatural",62.0,3213,2021
Shin Tennis no Ouji-sama: Hyoutei vs Rikkai - Game of Future,Sports,64.0,1693,2021
Sayonara Watashi no Cramer,"Drama, Sports",56.0,15000,2021
Sayonara Watashi no Cramer: First Touch,"Drama, Sports",68.0,4651,2021
Kai Byoui Ramune,"Drama, Psychological, Supernatural",69.0,22891,2021
Praeter no Kizu,"Action, Fantasy, Sci-Fi",51.0,10040,2021
Seijo no Maryoku wa Bannou desu,"Fantasy, Romance, Slice of Life",71.0,59463,2021
Ai no Utagoe wo Kikasete,"Music, Sci-Fi",76.0,34159,2021
Horimiya,"Comedy, Romance, Slice of Life",81.0,403879,2021
Girls und Panzer: Saishuushou 3,"Action, Sports",81.0,9436,2021
Gekidol,"Drama, Psychological, Sci-Fi",52.0,6692,2021
Natsume Yuujinchou: Ishi Okoshi to Ayashiki Raihousha,"Drama, Fantasy, Slice of Life, Supernatural",79.0,9535,2021
Otona no Bouguya-san II,"Comedy, Ecchi, Fantasy",50.0,4763,2021
Sword Art Online: Progressive - Hoshinaki Yoru no Aria,"Action, Adventure, Fantasy, Romance",78.0,82017,2021
SK∞,"Action, Drama, Sports",79.0,198925,2021
Fruits Basket: The Final,"Comedy, Drama, Psychological, Romance, Slice of Life, Supernatural",89.0,142993,2021
Hanma Baki,"Action, Sports",76.0,46116,2021
Uma Musume: Pretty Derby Season 2,"Drama, Slice of Life, Sports",82.0,19903,2021
Yatogame-chan Kansatsu Nikki Sansatsume,"Comedy, Slice of Life",62.0,4101,2021
Himote House: Dai Panic! Minna de Gokiburi Taiji,"Comedy, Slice of Life",53.0,497,2021
Biohazard: Infinite Darkness,"Action, Horror, Sci-Fi",60.0,5093,2021
Idolls!,"Drama, Music, Supernatural",47.0,2263,2021
Dogeza de Tanondemita: Isekai-hen,"Comedy, Ecchi, Fantasy",53.0,7871,2021
Osananajimi ga Zettai ni Makenai Love Come,"Comedy, Romance",58.0,72584,2021
Godzilla: Singular Point,"Action, Mecha, Mystery, Sci-Fi",64.0,19767,2021
Wonder Egg Priority,"Action, Drama, Fantasy, Mystery, Psychological, Sci-Fi, Thriller",74.0,240598,2021
Yuukoku no Moriarty Part 2,"Drama, Mystery, Psychological, Thriller",81.0,69677,2021
Shadows House,"Fantasy, Horror, Mystery, Slice of Life, Supernatural",76.0,84377,2021
Ajisai no Chiru Koro ni,Hentai,61.0,3245,2021
Himawari wa Yoru ni Saku,Hentai,65.0,3404,2021
Tsuki ga Michibiku Isekai Douchuu,"Action, Adventure, Comedy, Fantasy",76.0,119627,2021
Hetalia World★Stars,Comedy,65.0,5673,2021
Kaguya-sama wa Kokurasetai: Tensaitachi no Renai Zunousen OVA,"Comedy, Ecchi, Romance, Slice of Life",75.0,75429,2021
Gokushufudou,"Comedy, Slice of Life",71.0,130226,2021
Tenkuu Shinpan,"Action, Horror, Mystery",65.0,107898,2021
Kageki Shoujo!!,"Drama, Slice of Life",76.0,29908,2021
Haitoku no Kyoukai,Hentai,59.0,1555,2021
Kimi ga Suki. THE ANIMATION,"Hentai, Romance",64.0,3593,2021
Getter Robo Arc,"Action, Mecha, Sci-Fi",59.0,2561,2021
Misaki no Mayoiga,Fantasy,65.0,5498,2021
Bakuten!!,"Comedy, Drama, Sports",74.0,37080,2021
Hula Fulla Dance,"Comedy, Drama, Music, Slice of Life, Sports",59.0,2602,2021
Cestvs: The Roman Fighter,"Action, Drama, Sports",52.0,5278,2021
NIGHT HEAD 2041,"Drama, Mystery, Psychological, Sci-Fi, Supernatural",60.0,13147,2021
TSUKIPRO THE ANIMATION 2,Music,63.0,1512,2021
Sumikko Gurashi Movie: Aoi Tsukiyo no Mahou no Ko,Comedy,56.0,434,2021
Deatte 5-byou de Battle,"Action, Drama, Supernatural",66.0,57558,2021
Alice Gear Aegis: Doki! Actress Darake no Mermaid Grand Prix ♥,"Mecha, Sci-Fi, Slice of Life",52.0,1561,2021
Kanojo mo Kanojo,"Comedy, Ecchi, Romance, Slice of Life",63.0,103728,2021
"Shin no Nakama ja Nai to Yuusha no Party wo Oidasareta node, Henkyou de Slow Life suru Koto ni shimashita","Action, Adventure, Fantasy, Romance, Slice of Life",68.0,91786,2021
Jimihen!!: Jimiko wo Kaechau Jun Isei Kouyuu,"Hentai, Romance",59.0,7011,2021
"""Uchuu Senkan Yamato"" to Iu Jidai: Seireki 2202-nen no Sentaku","Action, Drama, Sci-Fi",66.0,1020,2021
Toushinki G's Frame,"Action, Mecha, Sci-Fi",52.0,1910,2021
Rikujoubu Joshi wa Ore no Nama Onaho!!! The Animation,Hentai,58.0,1880,2021
Seirei Gensouki,"Action, Drama, Fantasy, Romance",69.0,101180,2021
Real Eroge Situation! 2 The Animation,Hentai,66.0,2439,2021
Boku no Hero Academia THE MOVIE: World Heroes' Mission,"Action, Adventure, Sci-Fi",76.0,81545,2021
SD Gundam World Heroes,"Action, Mecha",48.0,864,2021
Yami Shibai 8,"Horror, Supernatural",53.0,3975,2021
SELECTION PROJECT,"Music, Slice of Life",70.0,16038,2021
Kyuukyoku Shinka Shita Full Dive RPG ga Genjitsu yori mo Kusogee Dattara,"Action, Comedy, Ecchi, Fantasy, Romance",62.0,67477,2021
Puraore!: PRIDE OF ORANGE,"Music, Slice of Life, Sports",59.0,9596,2021
Gintama: THE SEMI-FINAL,"Action, Comedy",82.0,25246,2021
Toilet no Hanako-san VS Kukkyou Taimashi,"Fantasy, Hentai, Supernatural",62.0,2692,2021
Motto! Majime ni Fumajime Kaiketsu Zorori 2nd Season,"Adventure, Comedy",,280,2021
Sankaku Mado no Sotogawa wa Yoru,"Drama, Mystery, Supernatural",63.0,14095,2021
Tropical-Rouge! Precure,"Action, Comedy, Fantasy, Mahou Shoujo",74.0,6209,2021
JK Fuuzoku Gakuensai,Hentai,68.0,3731,2021
Fate/Grand Carnival,"Comedy, Fantasy, Supernatural",75.0,17975,2021
Kakushigoto: Himegoto wa Nandesuka,"Comedy, Slice of Life",76.0,12645,2021
Ryuu to Sobakasu no Hime,"Drama, Music, Mystery, Sci-Fi",73.0,56414,2021
Crayon Shin-chan: Nazo Meki! Hana no Tenkasu Gakuen,Comedy,73.0,1202,2021
Jaku-Chara Tomozaki-kun OVA,"Comedy, Romance",67.0,18291,2021
100-man no Inochi no Ue ni Ore wa Tatteiru 2nd Season,"Action, Drama, Fantasy",66.0,41797,2021
Dungeon ni Deai wo Motomeru no wa Machigatteiru Darou ka III OVA,"Action, Adventure, Comedy, Ecchi, Fantasy, Romance",67.0,23554,2021
Tonikaku Kawaii: SNS,"Comedy, Romance, Slice of Life",79.0,50677,2021
Shuumatsu no Valkyrie,"Action, Drama, Fantasy, Supernatural",66.0,93009,2021
World Trigger 3rd Season,"Action, Sci-Fi",82.0,28123,2021
Platinum End,"Drama, Mystery, Psychological, Romance, Supernatural",58.0,109543,2021
Taishou Otome Otogibanashi,"Comedy, Drama, Romance, Slice of Life",76.0,40799,2021
Youjo Shachou,Comedy,62.0,2026,2021
Aggressive Retsuko Season 4,"Comedy, Music, Slice of Life",72.0,15568,2021
Mahouka Koukou no Yuutousei,"Fantasy, Sci-Fi",64.0,31361,2021
Kintamani Dog,Slice of Life,,101,2021
PUI PUI Molcar,Comedy,78.0,8140,2021
Okashi na Sabaku no Suna to Manu,Fantasy,47.0,414,2021
ABCiee Shuugyou Nikki,Comedy,49.0,1098,2021
Mushoku Tensei: Isekai Ittara Honki Dasu Part 2,"Adventure, Drama, Ecchi, Fantasy",85.0,238543,2021
IDOLiSH7: Third BEAT!,"Drama, Music",81.0,6686,2021
Bear Bear Bear Kuma! Kumadam-hen,"Comedy, Mecha",58.0,1811,2021
Gyokou no Nikuko-chan,"Comedy, Drama, Slice of Life",69.0,4900,2021
Tadaima! Chibigodzilla Season 2,"Comedy, Fantasy, Slice of Life",47.0,195,2021
Re:Zero kara Hajimeru Kyuukei Jikan (Break Time) 2nd Season Part 2,"Adventure, Comedy, Fantasy",69.0,4302,2021
Doki Doki! Mini Mini! Kakushi Dungeon Gekijou,"Comedy, Fantasy",52.0,1137,2021
Itazura Guma no Gloomy,"Comedy, Horror, Slice of Life",47.0,3019,2021
Enen no Shouboutai Mini Anime,Comedy,57.0,2928,2021
Shikaruneko,Slice of Life,,455,2021
Fairy Ranmaru: Anata no Kokoro Otasuke Shimasu,"Ecchi, Mahou Shoujo, Slice of Life",52.0,7628,2021
"Tooi Kimi ni, Boku wa Todokanai",Hentai,52.0,1526,2021
2.43 Mini Anime: inside story,"Slice of Life, Sports",42.0,393,2021
2.43 Mini Anime: Fukui-ben Kouza,"Slice of Life, Sports",42.0,383,2021
Gekidan Nanatsu no Taizai,"Comedy, Fantasy, Supernatural",53.0,1657,2021
Shiroi Suna no Aquatope,"Drama, Slice of Life, Supernatural",73.0,55522,2021
Vivy: Fluorite Eye’s Song,"Action, Drama, Music, Sci-Fi, Thriller",82.0,145599,2021
Odd Taxi,"Drama, Mystery, Psychological, Thriller",85.0,118314,2021
♪D4DJ Petit Mix,"Comedy, Music, Slice of Life",67.0,3050,2021
Sakusei Byoutou THE ANIMATION,Hentai,63.0,3437,2021
Assault Lily: FRUITS,"Comedy, Slice of Life",60.0,2057,2021
Blue Period,"Drama, Slice of Life",77.0,125450,2021
"Tantei wa mou, Shindeiru.","Comedy, Drama, Mystery, Romance, Supernatural",60.0,104185,2021
Shinkansen Henkei Robo Shinkalion Z,"Action, Mecha",54.0,728,2021
Nanatsu no Taizai: Hikari ni Norowareshi Mono-tachi,"Action, Adventure, Comedy, Ecchi, Fantasy",70.0,29674,2021
Cardfight!! Vanguard: overDress Season 2,"Action, Adventure",64.0,2312,2021
Aikatsu Planet!,Music,60.0,1947,2021
KanColle: Itsuka Ano Umi de,"Action, Sci-Fi",58.0,13381,2022
Musashino!,"Comedy, Slice of Life",41.0,2629,2022
Chikyuugai Shounen Shoujo,"Adventure, Sci-Fi",68.0,16430,2022
Shika no Ou: Yuna to Yakusoku no Tabi,"Action, Adventure, Drama, Fantasy",68.0,13562,2022
Renmei Kuugun Koukuu Mahou Ongakutai: Luminous Witches,Music,63.0,7938,2022
Yuru Camp△ Movie,"Comedy, Slice of Life",83.0,32605,2022
SPRIGGAN (ONA),"Action, Adventure, Sci-Fi",68.0,13988,2022
Vampire in the Garden,"Action, Adventure, Drama, Fantasy, Music, Sci-Fi",70.0,26155,2022
Sabiiro no Armor: Reimei,Action,28.0,1932,2022
ULTRAMAN Season 2,"Action, Drama, Sci-Fi",63.0,2884,2022
Inu-ou,"Adventure, Music, Supernatural",79.0,14540,2022
Tate no Yuusha no Nariagari Season 2,"Action, Adventure, Fantasy",65.0,192152,2022
Arifureta Shokugyou de Sekai Saikyou 2nd season,"Action, Adventure, Fantasy, Psychological",70.0,99008,2022
Utawarerumono: Futari no Hakuoro,"Action, Drama, Fantasy, Sci-Fi",73.0,10209,2022
Futsal Boys!!!!!,Sports,50.0,9647,2022
"DEEMO: Sakura no Oto - Anata no Kanadeta Oto ga, Ima mo Hibiku",Music,56.0,4878,2022
Jewelpet: Attack Travel!,"Fantasy, Mahou Shoujo",,351,2022
Made in Abyss: Retsujitsu no Ougonkyou,"Adventure, Drama, Fantasy, Horror, Mystery, Sci-Fi",85.0,118537,2022
Kidou Senshi Gundam: Tekketsu no Orphans - Urdr Hunt,"Action, Mecha, Sci-Fi",55.0,2757,2022
Date A Live IV,"Action, Comedy, Ecchi, Mecha, Romance, Sci-Fi",76.0,64773,2022
BLEACH: Sennen Kessen-hen,"Action, Adventure, Supernatural",88.0,144289,2022
Isekai Quartet: Another World,"Comedy, Fantasy",73.0,23979,2022
Tokyo Mew Mew New~♡,"Adventure, Comedy, Fantasy, Mahou Shoujo, Romance, Sci-Fi",64.0,16340,2022
TIGER & BUNNY 2,"Action, Comedy, Drama",73.0,6839,2022
Koukaku Kidoutai: SAC_2045 Season 2,"Action, Mystery, Psychological, Sci-Fi",66.0,4282,2022
BanG Dream! Poppin' Dream!,Music,78.0,4676,2022
Shuumatsu no Harem,"Ecchi, Sci-Fi",55.0,64855,2022
Kenja no Deshi wo Nanoru Kenja,"Adventure, Fantasy",59.0,33938,2022
Cyberpunk: Edgerunners,"Action, Drama, Psychological, Sci-Fi",85.0,245787,2022
Honzuki no Gekokujou: Shisho ni Naru Tame ni wa Shudan wo Erandeiraremasen 3rd Season,"Drama, Fantasy, Slice of Life",79.0,41688,2022
Princess Connect! Re:Dive Season 2,"Action, Adventure, Comedy, Fantasy",77.0,36626,2022
Machikado Mazoku: 2-Choume,"Comedy, Fantasy, Mahou Shoujo, Slice of Life",78.0,23659,2022
Shenmue the Animation,"Action, Adventure, Drama",63.0,6245,2022
Ginga Eiyuu Densetsu: Die Neue These - Gekitotsu,"Action, Drama, Fantasy, Sci-Fi",80.0,6433,2022
Baraou no Souretsu,"Action, Drama, Supernatural",56.0,18993,2022
Uzaki-chan wa Asobitai! ω,"Comedy, Ecchi, Romance, Slice of Life",71.0,53817,2022
"Kanojo, Okarishimasu 2nd Season","Comedy, Drama, Romance",66.0,109457,2022
Jashin-chan Dropkick X,"Comedy, Slice of Life, Supernatural",73.0,12175,2022
Rikei ga Koi ni Ochita no de Shoumei shitemita. r=1-sinθ (Heart),"Comedy, Romance",71.0,41395,2022
Tsurune: Hajimari no Issha,"Drama, Slice of Life, Sports",72.0,7642,2022
Kaguya-sama wa Kokurasetai: Ultra Romantic,"Comedy, Psychological, Romance, Slice of Life",89.0,225329,2022
Rilakkuma to Yuuenchi,"Comedy, Slice of Life",67.0,1705,2022
Thermae Romae Novae,"Comedy, Slice of Life",70.0,8512,2022
CUE!,Music,63.0,8478,2022
VAZZROCK THE ANIMATION,Music,42.0,1917,2022
Sasaki to Miyano,"Comedy, Romance, Slice of Life",81.0,62159,2022
Watashi ni Tenshi ga Maiorita!: Precious Friends,"Comedy, Slice of Life",74.0,9076,2022
Doraemon: Nobita no Little Star Wars 2021,"Adventure, Comedy, Sci-Fi",69.0,1330,2022
Koroshi Ai,"Action, Psychological, Romance",67.0,50610,2022
Isekai Meikyuu de Harem wo,"Drama, Ecchi, Fantasy, Romance",63.0,61394,2022
Chainsaw Man,"Action, Drama, Horror, Supernatural",84.0,437746,2022
Slow Loop,"Slice of Life, Sports",71.0,23867,2022
Kawaii dake ja Nai Shikimori-san,"Comedy, Romance, Slice of Life",68.0,158847,2022
ORIENT,"Action, Adventure, Comedy, Fantasy",62.0,34108,2022
THE FIRST SLAM DUNK,Sports,87.0,21588,2022
Soredemo Ayumu wa Yosetekuru,"Comedy, Romance, Slice of Life",69.0,49029,2022
Saiyuuki RELOAD: ZEROIN,"Action, Adventure, Supernatural",60.0,3038,2022
Dolls' Frontline,"Action, Drama",53.0,16569,2022
IDOLiSH7: Third BEAT! Part 2,"Drama, Music, Psychological",82.0,4247,2022
Tensai Ouji no Akaji Kokka Saisei Jutsu,"Comedy, Fantasy",72.0,81475,2022
Shikkakumon no Saikyou Kenja,"Action, Adventure, Comedy, Fantasy, Romance, Slice of Life",61.0,70319,2022
"Tensei Kenja no Isekai Life: Daini no Shokugyo wo Ete, Sekai Saikyou ni Narimashita","Action, Adventure, Comedy, Fantasy",61.0,60583,2022
Shokei Shoujo no Virgin Road,"Action, Adventure, Drama, Fantasy",67.0,52198,2022
Dungeon ni Deai wo Motomeru no wa Machigatteiru Darou ka IV: Shin Shou Meikyuu-hen,"Action, Adventure, Comedy, Fantasy, Romance",77.0,96009,2022
Summer Time Render,"Action, Drama, Mystery, Supernatural, Thriller",83.0,161655,2022
Bocchi the Rock!,"Comedy, Music, Slice of Life",87.0,180546,2022
Leadale no Daichi nite,"Adventure, Fantasy",68.0,44872,2022
Kage no Jitsuryokusha ni Naritakute!,"Action, Comedy, Fantasy",82.0,206135,2022
RPG Fudousan,"Comedy, Fantasy, Slice of Life",64.0,15639,2022
Mahouka Koukou no Rettousei: Tsuioku-hen,"Action, Romance, Sci-Fi, Supernatural",75.0,27606,2022
Totsukuni no Shoujo (2022),"Drama, Fantasy, Mystery",75.0,25744,2022
"Shijou Saikyou no Daimaou, Murabito A ni Tensei suru","Action, Ecchi, Fantasy, Romance",62.0,80648,2022
Sabikui Bisco,"Action, Adventure, Fantasy",70.0,68497,2022
Hataraku Maou-sama!!,"Comedy, Fantasy, Romance, Slice of Life",66.0,128222,2022
Tongari Atama no Gonta: Futatsu no Namae wo Ikita Fukushima Hisai Inu no Monogatari ,Drama,,680,2022
Yama no Susume: Next Summit,"Adventure, Comedy, Slice of Life",76.0,8600,2022
Do It Yourself!!,Slice of Life,74.0,39608,2022
Go-toubun no Hanayome Movie,"Comedy, Drama, Romance, Slice of Life",78.0,83230,2022
Akebi-chan no Sailor Fuku,Slice of Life,75.0,58478,2022
Shingeki no Kyojin: The Final Season Part 2,"Action, Drama, Fantasy, Mystery, Psychological",86.0,329835,2022
Fuuto Tantei,"Action, Drama, Mystery, Supernatural",71.0,17815,2022
Koi wa Sekai Seifuku no Ato de,"Action, Comedy, Romance, Supernatural",73.0,65795,2022
Kakkou no Iinazuke,"Comedy, Romance",67.0,80323,2022
Uta no☆Prince-sama♪ Maji LOVE ST☆RISH Tours,Music,63.0,1433,2022
Dance Dance Danseur,"Drama, Romance, Slice of Life, Sports",76.0,26176,2022
RE:cycle of the PENGUINDRUM: Zenpen - Kimi no Ressha wa Seizon Senryaku,"Drama, Mystery, Psychological, Supernatural",71.0,6254,2022
"Kono Healer, Mendokusai","Adventure, Comedy, Fantasy, Slice of Life",58.0,18567,2022
Sono Bisque Doll wa Koi wo Suru,"Comedy, Ecchi, Romance, Slice of Life",80.0,291352,2022
"Gaikotsu Kishi-sama, Tadaima Isekai e Odekakechuu","Action, Adventure, Comedy, Fantasy",70.0,80127,2022
Build Divide: Code White,"Action, Sci-Fi",64.0,6037,2022
Deaimon,Slice of Life,74.0,27989,2022
Zannen na Ikimono Jiten The Movie,"Comedy, Slice of Life",,152,2022
Free!: the Final Stroke - Kouhen,"Drama, Sports",77.0,10109,2022
Mahoutsukai Reimeiki,"Action, Adventure, Comedy, Ecchi, Fantasy",62.0,43346,2022
Healer Girl,"Music, Slice of Life, Supernatural",71.0,13486,2022
Overlord IV,"Action, Adventure, Fantasy",80.0,132815,2022
Love Live! Nijigasaki Gakuen School Idol Doukoukai 2,"Music, Slice of Life",75.0,14553,2022
Dragon Ball Super: Super Hero,"Action, Adventure, Fantasy, Sci-Fi",76.0,38398,2022
Hairpin Double,Mecha,44.0,656,2022
Fantasy Bishoujo Juniku Oji-san to,"Adventure, Comedy, Fantasy, Romance",70.0,49075,2022
Aoashi,Sports,81.0,67645,2022
Vanitas no Carte Part 2,"Action, Drama, Fantasy, Mystery, Supernatural",81.0,80295,2022
Osomatsu-san: Hipipo-Zoku to Kagayaku Kajitsu,"Adventure, Comedy",55.0,1041,2022
Shachiku-san wa Youjo Yuurei ni Iyasaretai.,"Comedy, Slice of Life, Supernatural",68.0,11361,2022
Kaede to Suzu THE ANIMATION,Hentai,76.0,6237,2022
Reiwa no Di Gi Charat,Comedy,58.0,2007,2022
exception,"Horror, Sci-Fi, Thriller",57.0,3483,2022
Isekai Oji-san,"Adventure, Comedy, Fantasy",77.0,98132,2022
Ouji no Honmei wa Akuyaku Reijou,"Fantasy, Hentai, Romance",56.0,1972,2022
Bakuten!! Movie,"Comedy, Drama, Sports",76.0,7626,2022
Magia Record: Mahou Shoujo Madoka☆Magica Gaiden Final SEASON - Asaki Yume no Akatsuki,"Drama, Mahou Shoujo, Psychological, Thriller",68.0,12099,2022
Seiken Densetsu: Legend of Mana - The Teardrop Crystal,"Adventure, Fantasy",52.0,6409,2022
Fruits Basket: prelude,"Drama, Romance",83.0,38154,2022
Strike the Blood FINAL,"Action, Ecchi, Fantasy, Supernatural",67.0,11731,2022
"Goodbye, Don Glees!","Adventure, Comedy, Drama",73.0,10597,2022
Shin Ikkitousen,"Action, Ecchi, Supernatural",57.0,6987,2022
Kaijin Kaihatsubu no Kuroitsu-san,"Comedy, Fantasy",65.0,17155,2022
Kobayashi-san Chi no Maidragon S: Nippon no Omotenashi (Attend wa Dragon desu),"Comedy, Fantasy, Slice of Life",77.0,25613,2022
Boku wa Chiisana Succubus no Shimobe,Hentai,67.0,2058,2022
Isekai Yakkyoku,Fantasy,72.0,61681,2022
"Mori no Kuma-san, Toumin-chuu.","Fantasy, Hentai, Romance",56.0,1241,2022
Mamahaha no Tsurego ga Motokano datta,"Comedy, Romance",66.0,80554,2022
Gensou Sangokushi: Tengen Reishinki,Fantasy,45.0,5924,2022
Aharen-san wa Hakarenai,"Comedy, Romance, Slice of Life",72.0,96116,2022
Hakozume: Kouban Joshi no Gyakushuu,"Comedy, Drama, Slice of Life",68.0,16163,2022
Non Non Biyori: Nonstop - Bukatsu wo Ganbatta,"Comedy, Slice of Life",80.0,8620,2022
Uchi no Shishou wa Shippo ga Nai,"Comedy, Fantasy, Slice of Life",64.0,9510,2022
Eien no 831,Supernatural,47.0,2988,2022
Hanabi-chan wa Okure-gachi,"Comedy, Fantasy, Slice of Life",58.0,2162,2022
Love All Play,Sports,62.0,12012,2022
Ani ni Tsukeru Kusuri wa Nai! 5,"Comedy, Slice of Life",71.0,4556,2022
Yojouhan Time Machine Blues,"Comedy, Mystery, Psychological, Romance, Sci-Fi",81.0,21017,2022
Blue Lock,"Action, Drama, Sports",81.0,232348,2022
Blue Thermal,"Drama, Sports",66.0,5907,2022
Karakai Jouzu no Takagi-san 3,"Comedy, Romance, Slice of Life",82.0,45928,2022
Karakai Jouzu no Takagi-san Movie,"Comedy, Romance, Slice of Life",84.0,23251,2022
Gunjou no Fanfare,"Drama, Sports",57.0,7567,2022
Heroine Tarumono!: Kiraware Heroine to Naisho no Oshigoto,"Drama, Music, Slice of Life",71.0,20490,2022
Fumetsu no Anata e Season 2,"Adventure, Drama, Fantasy, Psychological, Supernatural",79.0,79109,2022
Yuukoku no Moriarty OVA,"Drama, Mystery, Psychological, Thriller",77.0,13797,2022
Otome wa Boku ni Koishiteru: Mittsu no Kiraboshi - The Animation,"Drama, Romance",50.0,2048,2022
Abandon: 100 Nukishinai to Derarenai Fushigi na Kyoushitsu,Hentai,55.0,1054,2022
Kumichou Musume to Sewagakari,"Comedy, Slice of Life",77.0,66749,2022
Atasha Kawashiri Kodama da yo: Dangerous Lifehacker no Tadareta Seikatsu,Slice of Life,53.0,3257,2022
Mairimashita! Iruma-kun 3,"Comedy, Fantasy, Supernatural",78.0,52595,2022
Shadows House 2nd Season,"Fantasy, Horror, Mystery, Slice of Life, Supernatural",79.0,36974,2022
Cardfight!! Vanguard: will+Dress,"Action, Adventure",65.0,2089,2022
Kidou Senshi Gundam: Cucuruz Doan no Shima,"Mecha, Sci-Fi",73.0,4393,2022
Kidou Senshi Gundam: Suisei no Majo,"Action, Mecha, Sci-Fi",78.0,57013,2022
Black★★Rock Shooter: DAWN FALL,"Action, Sci-Fi",55.0,11418,2022
Boku ga Aishita Subete no Kimi e,"Romance, Sci-Fi",74.0,41348,2022
Kimi wo Aishita Hitori no Boku e,"Romance, Sci-Fi",73.0,38793,2022
Shinmai Renkinjutsushi no Tenpo Keiei,"Fantasy, Slice of Life",65.0,21123,2022
Tensei Shitara Slime Datta Ken: Guren no Kizuna-hen,"Action, Adventure, Comedy, Fantasy",77.0,78368,2022
Tensei Shitara Ken Deshita,"Action, Adventure, Fantasy",74.0,80851,2022
Kotarou wa Hitorigurashi,"Comedy, Drama, Slice of Life",82.0,49352,2022
TALES OF LUMINARIA: The Fateful Crossroad,"Adventure, Fantasy",58.0,2067,2022
Boku no Hero Academia 6,"Action, Adventure",82.0,192917,2022
Ame wo Tsugeru Hyouryuu Danchi,"Adventure, Drama, Mystery, Supernatural",73.0,25602,2022
Genjitsu Shugi Yuusha no Oukoku Saikenki Part 2,"Action, Adventure, Fantasy, Romance",73.0,65027,2022
Puchi Seka,"Comedy, Music, Slice of Life",66.0,3075,2022
TRIBE NINE,"Action, Sci-Fi, Sports",56.0,14399,2022
Choujigen Game Neptune THE ANIMATION: Nepu Nepu Darake no Festival,"Action, Comedy, Sci-Fi, Supernatural",65.0,1854,2022
Akuyaku Reijou nano de Last Boss wo Kattemimashita,"Comedy, Fantasy, Romance, Supernatural",71.0,50610,2022
Meitantei Conan: Zero no Tea Time,"Action, Comedy, Drama, Slice of Life",68.0,4492,2022
Meitantei Conan: Hannin no Hanzawa-san,"Comedy, Mystery",69.0,4546,2022
Shadowverse Flame,Fantasy,64.0,2427,2022
Shin Tennis no Ouji-sama: U-17 WORLD CUP,"Action, Comedy, Sports",66.0,4097,2022
Himitsu no Kichi,Hentai,57.0,1526,2022
Sei Dorei Gakuen 2,Hentai,58.0,1012,2022
Kingdom 4th Season,Action,84.0,12603,2022
Kyonyuu Elf Oyako Saimin,Hentai,67.0,2736,2022
Akane wa Tsumare Somerareru,Hentai,63.0,3295,2022
Mob Psycho 100 III,"Action, Comedy, Drama, Psychological, Slice of Life, Supernatural",87.0,194676,2022
"Yuusha, Yamemasu","Action, Adventure, Comedy, Fantasy",69.0,80957,2022
Ryman's Club,"Drama, Sports",72.0,23812,2022
Love Live! Superstar!! 2nd Season,"Music, Slice of Life",75.0,12886,2022
Tokyo 24-ku,"Mystery, Sci-Fi",60.0,21746,2022
Arknights: Reimei Zensou,"Action, Fantasy",70.0,34251,2022
SHINE POST,Music,72.0,9265,2022
Kaitou Queen wa Circus ga Osuki,Mystery,55.0,1172,2022
Motto! Majime ni Fumajime Kaiketsu Zorori 3rd Season,"Adventure, Comedy",,274,2022
BIRDIE WING: Golf Girls' Story,"Drama, Slice of Life, Sports",73.0,23205,2022
Chiikawa,"Comedy, Slice of Life",70.0,2308,2022
Ero Ishi,Hentai,58.0,1158,2022
Irodorimidori,Music,54.0,3392,2022
SPY×FAMILY,"Action, Comedy, Slice of Life, Supernatural",84.0,425233,2022
Sword Art Online: Progressive - Kuraki Yuuyami no Scherzo,"Action, Adventure, Fantasy, Romance",76.0,47133,2022
Tomodachi Game,"Drama, Mystery, Psychological, Thriller",76.0,120307,2022
On Air Dekinai!,Comedy,47.0,725,2022
"3-byougo, Yajuu.: Goukon de Sumi ni Ita Kare wa Midara na Nikushoku deshita","Hentai, Romance, Slice of Life",53.0,1428,2022
Tonikaku Kawaii: Seifuku,"Comedy, Romance, Slice of Life",77.0,31105,2022
Kunoichi Tsubaki no Mune no Uchi,"Comedy, Supernatural",69.0,19586,2022
Kakegurui Twin,"Drama, Mystery, Psychological",71.0,40796,2022
Nanatsu no Taizai: Ensa no Edinburgh - Zenpen,"Action, Adventure, Comedy, Fantasy",61.0,11578,2022
"Otaku ni Yasashii Gal toka, Kyonyuu no Osananajimi toka.",Hentai,58.0,2134,2022
Yofukashi no Uta,"Comedy, Psychological, Romance, Slice of Life, Supernatural",79.0,184922,2022
Peter Grill to Kenja no Jikan: Super Extra,"Comedy, Ecchi, Fantasy",57.0,15870,2022
Mushoku Tensei: Isekai Ittara Honki Dasu Part 2 - Eris no Goblin Toubatsu,"Adventure, Drama, Fantasy",78.0,61913,2022
Paripi Koumei,"Comedy, Drama, Music, Supernatural",80.0,86284,2022
Shoot! Goal to the Future,Sports,47.0,4733,2022
ONE PIECE FILM: RED,"Action, Adventure, Comedy, Drama, Fantasy, Music",78.0,58174,2022
Ensemble Stars!!: Road to Show!!,"Music, Slice of Life",66.0,2478,2022
"Fuufu Ijou, Koibito Miman.","Comedy, Drama, Ecchi, Romance",75.0,97560,2022
Yatogame-chan Kansatsu Nikki Yonsatsume,"Comedy, Slice of Life",60.0,2762,2022
Otomege Sekai wa Mob ni Kibishii Sekai desu,"Action, Fantasy, Mecha, Romance",71.0,84376,2022
Delicious Party♡Precure,"Action, Fantasy, Mahou Shoujo",66.0,4848,2022
Kami Kuzu☆Idol,"Comedy, Supernatural",66.0,7827,2022
Garden: Takamine-ke no Nirinka The Animation,Hentai,72.0,3070,2022
Kimi wa Yasashiku Netorareru The Animation,Hentai,58.0,1660,2022
Showtime! 2: Uta no Onee-san datte Shitai,"Hentai, Romance",65.0,1966,2022
ETERNITY MEMORIES,"Fantasy, Music, Slice of Life",67.0,1391,2022
Garugaku. II: Lucky Stars,"Comedy, Music",48.0,480,2022
Meitantei Conan: Halloween no Hanayome,"Action, Drama, Mystery",80.0,5069,2022
Eroriman,Hentai,59.0,1271,2022
Ninjala,"Action, Comedy, Sci-Fi",47.0,1083,2022
Kimetsu no Yaiba: Yuukaku-hen,"Action, Adventure, Fantasy, Supernatural",86.0,359700,2022
Golden Kamuy 4th Season,"Action, Adventure, Comedy",81.0,26408,2022
Boku no Hero Academia THE MOVIE: World Heroes' Mission - Tabidachi,"Action, Comedy",73.0,12204,2022
Bubble,"Romance, Sci-Fi, Sports, Supernatural",71.0,72192,2022
Yowamushi Pedal: LIMIT BREAK,"Comedy, Drama, Sports",73.0,6777,2022
Megaton-kyuu Musashi Season 2,Mecha,64.0,1494,2022
Crayon Shin-chan: Mononoke Ninja Chinpuuden,Comedy,69.0,985,2022
Koukyuu no Karasu,"Drama, Fantasy, Mystery, Supernatural",72.0,31070,2022
"Natsu e no Tunnel, Sayonara no Deguchi","Drama, Romance, Supernatural",78.0,64854,2022
Suzume no Tojimari,"Adventure, Fantasy, Mystery, Supernatural",82.0,137611,2022
Pocket Monsters (2019): Kami to Yobareshi Arceus,"Action, Adventure, Fantasy",66.0,3733,2022
Oshiri Tantei: SHIRIARTY,"Comedy, Mystery",,117,2022
Yami Shibai 10,"Horror, Supernatural",57.0,2473,2022
SPY×FAMILY Part 2,"Action, Comedy, Slice of Life, Supernatural",82.0,251753,2022
Yu☆Gi☆Oh! Go Rush!!,"Action, Fantasy, Sci-Fi",50.0,2230,2022
Dr. STONE: Ryuusui,"Action, Adventure, Comedy, Sci-Fi",81.0,85526,2022
"Komi-san wa, Komyushou desu. 2","Comedy, Romance, Slice of Life",79.0,131437,2022
Muv-Luv Alternative 2nd Season,"Action, Drama, Mecha, Sci-Fi",63.0,5155,2022
Yamitsuki Mura / Melty Limit The Animation,Hentai,61.0,1779,2022
Odd Taxi: In the Woods,"Drama, Mystery, Psychological, Thriller",65.0,16673,2022
Sasaki to Miyano: Koi ni Kizuku Mae no Chottoshita Hanashi.,"Comedy, Romance, Slice of Life",76.0,11423,2022
Poputepipikku 2,Comedy,74.0,14920,2022
Kaginado Season 2,Comedy,72.0,3947,2022
Princess Principal: Crown Handler - Chapter 2: Revealing Reviews,,66.0,2071,2022
Kyoukai Senki Part 2,"Fantasy, Mecha, Sci-Fi",61.0,3942,2022
Lycoris Recoil,"Action, Slice of Life",81.0,158549,2022
Urusei Yatsura (2022),"Comedy, Romance, Sci-Fi, Supernatural",72.0,61186,2022
Inkou Kyoushi no Saimin Seikatsu Shidouroku,Hentai,60.0,1537,2022
Estab-Life: Great Escape,"Action, Sci-Fi",61.0,4004,2022
Teiko Penguin,Slice of Life,,187,2022
Ohiru no Shocker-san,Comedy,,95,2022
BABY-HAMITANG,,,204,2022
Teppen!!!!!!!!!!!!!!!,"Comedy, Slice of Life",63.0,7773,2022
Jongtama PONG☆,Comedy,58.0,3714,2022
PLUTO,"Action, Mecha, Mystery, Psychological, Sci-Fi",84.0,70379,2023
Collar×Malice: deep cover,"Mystery, Romance, Thriller",51.0,5226,2023
Kimitachi wa Dou Ikiru ka,"Adventure, Drama, Fantasy, Supernatural",77.0,43465,2023
Tate no Yuusha no Nariagari Season 3,"Action, Adventure, Fantasy",71.0,107339,2023
Amrita no Kyouen,"Fantasy, Horror, Mystery",47.0,3687,2023
Itai no wa Iya nano de Bougyoryoku ni Kyokufuri Shitai to Omoimasu. 2,"Action, Adventure, Comedy, Fantasy, Slice of Life",71.0,67194,2023
The IDOLM@STER Million Live!,Music,68.0,4794,2023
Hikari no Ou,"Action, Adventure, Drama, Fantasy, Mystery",61.0,16822,2023
B-PROJECT: Netsuretsu*Love Call,Music,56.0,1509,2023
Kyokou Suiri Season 2,"Comedy, Mystery, Romance, Supernatural",73.0,45430,2023
Rail Romanesque 2,"Sci-Fi, Slice of Life",51.0,2371,2023
Kuma Kuma Kuma Bear Punch!,"Adventure, Comedy, Fantasy, Slice of Life",72.0,23554,2023
Argonavis AXIA,Music,,1465,2023
"Yahari Ore no Seishun Love Come wa Machigatteiru. Kan: Dakara, Shishunki wa Owarazu ni, Seishun wa Tsuzuiteiku.","Comedy, Drama, Romance, Slice of Life",77.0,33712,2023
Niehime to Kemono no Ou,"Drama, Fantasy, Romance",77.0,23709,2023
Jigokuraku,"Action, Adventure, Mystery, Supernatural",80.0,232773,2023
Goblin Slayer II,"Action, Adventure, Fantasy",71.0,89674,2023
"Maou Gakuin no Futekigousha: Shijou Saikyou no Maou no Shiso, Tensei shite Shison-tachi no Gakkou e Kayou II","Action, Fantasy",69.0,105064,2023
Kitarou Tanjou: Gegege no Nazo,"Horror, Supernatural",74.0,3806,2023
The Legend of Heroes: Sen no Kiseki - Northern War,"Action, Adventure, Fantasy",52.0,13141,2023
Akuma-kun (ONA),"Adventure, Fantasy, Horror, Supernatural",67.0,6815,2023
Dr. STONE: NEW WORLD,"Action, Adventure, Comedy, Sci-Fi",81.0,144784,2023
Black Clover: Mahou Tei no Ken,"Action, Adventure, Comedy, Fantasy",80.0,74520,2023
Liar Liar,"Psychological, Romance",62.0,50046,2023
Girls und Panzer: Saishuushou 4,"Action, Sports",82.0,6522,2023
Stand My Heroes: WARMTH OF MEMORIES,"Action, Drama, Mystery, Psychological",53.0,817,2023
Mahou Shoujo Magical Destroyers,"Action, Comedy, Ecchi, Mahou Shoujo",60.0,29654,2023
Kamitachi ni Hirowareta Otoko 2,"Adventure, Fantasy, Slice of Life",68.0,32879,2023
Osomatsu-san: Tamashii no Takoyaki Party to Densetsu no Otomari-kai,"Comedy, Slice of Life",62.0,876,2023
MAKE MY DAY,"Horror, Sci-Fi, Thriller",51.0,2201,2023
HIGH CARD,"Action, Fantasy",71.0,40123,2023
Alice to Therese no Maboroshi Koujou,"Drama, Fantasy, Romance, Supernatural",71.0,41106,2023
VINLAND SAGA SEASON 2,"Action, Adventure, Drama",88.0,187376,2023
Mou Ippon!,"Slice of Life, Sports",68.0,8744,2023
Toutotsu ni Egypt Shin 2,"Comedy, Fantasy, Slice of Life, Supernatural",63.0,1260,2023
Digimon Adventure 02 THE BEGINNING,"Action, Adventure, Drama, Fantasy, Sci-Fi",66.0,3760,2023
Princess Principal: Crown Handler - Chapter 3,"Action, Adventure, Mystery, Sci-Fi",77.0,5459,2023
Kyouki Sanmyaku: Naked Peak - Pilot Film,"Adventure, Sports",63.0,1113,2023
Ningen Fushin no Boukensha-tachi ga Sekai wo Sukuu you desu,"Action, Adventure, Fantasy",62.0,49678,2023
Shuumatsu no Valkyrie II,"Action, Drama, Fantasy, Supernatural",75.0,41551,2023
Under Ninja,"Action, Comedy",66.0,20610,2023
Cardfight!! Vanguard: will+Dress Season 2,"Action, Adventure",63.0,1643,2023
Otome Game no Hametsu Flag shika Nai Akuyaku Reijou ni Tensei shiteshimatta… Movie,"Comedy, Fantasy, Romance, Slice of Life",69.0,16061,2023
Shinigami Bocchan to Kuro Maid 2nd Season,"Comedy, Drama, Romance, Supernatural",76.0,24474,2023
Eiyuu Kyoushitsu,"Action, Fantasy, Slice of Life",60.0,40656,2023
Sugar Apple Fairy Tale,"Adventure, Fantasy, Romance",73.0,37616,2023
Rakudai Majo: Fuuka to Yami no Majo,"Adventure, Fantasy",59.0,2434,2023
BLUE GIANT,"Drama, Music",83.0,16764,2023
Seiken Gakuin no Maken Tsukai,"Fantasy, Romance",61.0,42258,2023
"Ijiranaide, Nagatoro-san 2nd Attack","Comedy, Romance, Slice of Life",74.0,78106,2023
Isekai Shoukan wa Nidome desu,"Adventure, Comedy, Fantasy",55.0,48079,2023
TECHNOROID: OVERMIND,"Music, Sci-Fi",59.0,5436,2023
Tonikaku Kawaii Season 2,"Comedy, Romance, Slice of Life",76.0,67924,2023
Bungou Stray Dogs 4th Season,"Action, Comedy, Mystery, Supernatural",84.0,84268,2023
Mononogatari,"Action, Supernatural",69.0,21330,2023
Skip to Loafer,"Comedy, Romance, Slice of Life",81.0,95990,2023
"Eiyuu-ou, Bu wo Kiwameru Tame Tenseisu: Soshite, Sekai Saikyou no Minarai Kishi♀","Action, Adventure, Comedy, Fantasy",65.0,45707,2023
Yaneura no Rudger,Fantasy,68.0,4730,2023
Nanatsu no Maken ga Shihai Suru,"Action, Fantasy",65.0,52696,2023
Buta no Liver wa Kanetsu Shiro,"Comedy, Fantasy",57.0,14072,2023
Migi to Dali,"Drama, Mystery, Slice of Life",75.0,24119,2023
GRIDMAN UNIVERSE,"Action, Mecha, Romance, Sci-Fi",81.0,14469,2023
Ayakashi Triangle,"Action, Comedy, Ecchi, Romance, Supernatural",62.0,26040,2023
Tokyo Revengers: Seiya Kessen-hen,"Action, Drama, Romance, Supernatural",76.0,110272,2023
Rurouni Kenshin: Meiji Kenkaku Romantan (2023),"Action, Drama, Romance",75.0,45125,2023
Kyuuketsuki Sugu Shinu 2,"Comedy, Supernatural",73.0,9933,2023
Tsundere Akuyaku Reijou Liselotte to Jikkyou no Endou-kun to Kaisetsu no Kobayashi-san,"Comedy, Fantasy, Romance",70.0,28662,2023
Saihate no Paladin: Tetsusabi no Yama no Ou,"Action, Adventure, Fantasy, Mystery, Psychological",73.0,34600,2023
Soukyuu no Fafner: BEHIND THE LINE,"Drama, Mecha, Sci-Fi",63.0,1088,2023
MF Ghost,"Sci-Fi, Sports",74.0,23977,2023
Otonari no Tenshi-sama ni Itsunomanika Dame Ningen ni Sareteita Ken,"Romance, Slice of Life",77.0,102215,2023
Kimi wa Houkago Insomnia,"Romance, Slice of Life",79.0,76459,2023
Choujigen Game Neptune THE ANIMATION: Hidamari no Little Purple,"Action, Comedy, Sci-Fi, Supernatural",66.0,1782,2023
"Benriya Saitou-san, Isekai ni Iku","Adventure, Comedy, Fantasy, Slice of Life",73.0,50595,2023
Ooyukiumi no Kaina,"Drama, Fantasy",64.0,16199,2023
Alice Gear Aegis Expansion,"Mecha, Sci-Fi",52.0,4015,2023
Saikyou Onmyouji no Isekai Tenseiki,"Action, Adventure, Fantasy, Romance, Supernatural",70.0,67048,2023
EDENS ZERO 2nd Season,"Action, Adventure, Comedy, Fantasy, Sci-Fi",72.0,23225,2023
Zenryoku Usagi (2023),Comedy,,82,2023
Jujutsu Kaisen 2nd Season,"Action, Drama, Supernatural",87.0,325175,2023
Kimetsu no Yaiba: Katanakaji no Sato-hen,"Action, Adventure, Drama, Fantasy, Supernatural",81.0,259709,2023
Helck,"Action, Adventure, Comedy, Drama, Fantasy",71.0,34098,2023
NieR:Automata Ver1.1a,"Action, Drama, Fantasy, Psychological, Sci-Fi",73.0,95058,2023
Mushoku Tensei II: Isekai Ittara Honki Dasu,"Adventure, Drama, Ecchi, Fantasy",82.0,176796,2023
Seijo no Maryoku wa Bannou desu Season 2,"Fantasy, Romance, Slice of Life",74.0,25435,2023
Isekai One Turn Kill Nee-san: Ane Douhan no Isekai Seikatsu Hajimemashita,"Comedy, Fantasy, Romance",60.0,32151,2023
Spy Kyoushitsu,"Action, Comedy, Drama, Mystery",61.0,54390,2023
Inu ni Nattara Suki na Hito ni Hirowareta.,"Comedy, Ecchi, Romance, Supernatural",46.0,36939,2023
FLCL: Grunge,"Action, Comedy, Mecha, Sci-Fi",44.0,9501,2023
FLCL: Shoegaze,"Action, Comedy, Mecha, Sci-Fi",58.0,7185,2023
Ragna Crimson,"Action, Adventure, Fantasy, Mystery",74.0,70819,2023
Kengan Ashura Season 2,"Action, Sports",76.0,12262,2023
Hanma Baki Season 2,"Action, Sports",79.0,29235,2023
Opus.COLORs,Sci-Fi,48.0,2600,2023
Sasaki to Miyano: Sotsugyou-hen,"Comedy, Romance, Slice of Life",82.0,18085,2023
Lv1 Maou to One Room Yuusha,"Action, Adventure, Comedy, Ecchi, Fantasy",70.0,23875,2023
Isekai Nonbiri Nouka,"Fantasy, Slice of Life",74.0,65883,2023
Masamune-kun no Revenge R,"Comedy, Romance, Slice of Life",72.0,60196,2023
Shin Shinka no Mi: Shiranai Uchi ni Kachigumi Jinsei,"Action, Comedy, Fantasy, Romance",54.0,31462,2023
THE iDOLM@STER Cinderella Girls: U149,"Comedy, Drama, Music, Slice of Life",76.0,7256,2023
Shingeki no Kyojin: The Final Season - Kanketsu-hen Zenpen,"Action, Drama, Fantasy, Mystery, Psychological",87.0,172720,2023
Watashi no Shiawase na Kekkon,"Drama, Romance, Supernatural",77.0,98604,2023
City Hunter: Angel Dust,"Action, Comedy, Drama",70.0,2206,2023
D4DJ All Mix,"Music, Slice of Life",73.0,6002,2023
Ao no Orchestra,"Drama, Music",69.0,19170,2023
Isekai wa Smartphone to Tomo ni. 2,"Adventure, Comedy, Fantasy, Romance",62.0,42634,2023
Maid Kyouiku.: Botsuraku Kizoku Rurikawa Tsubaki - THE ANIMATION,Hentai,67.0,2097,2023
ULTRAMAN FINAL,"Action, Drama, Sci-Fi",68.0,1698,2023
Onii-chan wa Oshimai!,"Comedy, Ecchi, Slice of Life",75.0,54134,2023
Kaminaki Sekai no Kamisama Katsudou,"Action, Comedy, Drama, Ecchi, Fantasy",66.0,61333,2023
Otonari ni Ginga,"Comedy, Romance",70.0,46556,2023
Yuusha ga Shinda!,"Action, Adventure, Comedy, Ecchi, Fantasy",63.0,41342,2023
Hyouken no Majutsushi ga Sekai wo Suberu,"Action, Adventure, Fantasy",63.0,53251,2023
Bishoujo Senshi Sailor Moon: Cosmos - Zenpen,"Action, Adventure, Drama, Fantasy, Mahou Shoujo, Romance",76.0,4865,2023
Uma Musume: Pretty Derby - ROAD TO THE TOP,"Drama, Slice of Life, Sports",80.0,8677,2023
Level 1 dakedo Unique Skill de Saikyou desu,"Adventure, Fantasy",61.0,37135,2023
Nanatsu no Taizai: Mokushiroku no Yonkishi,"Action, Adventure, Fantasy",72.0,21337,2023
Kubo-san wa Mob wo Yurusanai,"Comedy, Romance, Slice of Life",75.0,67883,2023
Watashi no Yuri wa Oshigoto desu!,"Comedy, Drama, Romance",64.0,20956,2023
Dekiru Neko wa Kyou mo Yuuutsu,"Comedy, Fantasy, Slice of Life",75.0,31112,2023
Kono Subarashii Sekai ni Bakuen wo!,"Adventure, Comedy, Fantasy",74.0,93718,2023
Paradox Live THE ANIMATION,"Drama, Music, Sci-Fi",66.0,12424,2023
Boku to Roboco,"Comedy, Slice of Life",62.0,3258,2023
Tokubetsu-hen Hibike! Euphonium: Ensemble Contest,"Drama, Music, Slice of Life",79.0,14139,2023
Itou Junji: Maniac,"Drama, Horror, Mystery, Psychological, Supernatural, Thriller",66.0,21260,2023
[Oshi no Ko],"Drama, Mystery, Psychological, Supernatural",85.0,234541,2023
Edomae Elf,"Comedy, Slice of Life, Supernatural",70.0,21317,2023
Cardfight!! Vanguard: will+Dress Season 3,"Action, Adventure",61.0,1218,2023
Shiro Seijo to Kuro Bokushi,"Comedy, Fantasy, Romance, Slice of Life",72.0,27750,2023
TRIGUN STAMPEDE,"Action, Drama, Sci-Fi",78.0,65230,2023
My Home Hero,"Action, Drama, Psychological, Thriller",68.0,40999,2023
Koori Zokusei Danshi to Cool na Douryou Joshi,"Comedy, Romance, Slice of Life, Supernatural",72.0,69259,2023
Kin no Kuni Mizu no Kuni,"Adventure, Fantasy, Romance",71.0,5283,2023
Kaguya-sama wa Kokurasetai: First Kiss wa Owaranai,"Comedy, Psychological, Romance, Slice of Life",87.0,104017,2023
Genjitsu no Yohane: SUNSHINE in the MIRROR,"Fantasy, Music, Slice of Life",68.0,15341,2023
BIRDIE WING: Golf Girls' Story Season 2,"Drama, Sports",75.0,11866,2023
Nokemono-tachi no Yoru,"Drama, Fantasy, Romance",63.0,13765,2023
MASHLE,"Action, Comedy, Fantasy",76.0,194160,2023
Tomo-chan wa Onnanoko!,"Comedy, Romance, Slice of Life",77.0,120772,2023
Kanojo ga Koushaku-tei ni Itta Riyuu,"Comedy, Fantasy, Mystery, Romance",74.0,48464,2023
Doraemon: Nobita to Sora no Utopia,"Adventure, Comedy, Sci-Fi",73.0,1356,2023
Shangri-La Frontier,"Action, Adventure, Comedy, Fantasy, Sci-Fi",80.0,108036,2023
Hirano to Kagiura,"Comedy, Romance, Slice of Life",76.0,8005,2023
Kaiko sareta Ankoku Heishi (30-dai) no Slow na Second Life,"Fantasy, Romance, Slice of Life",69.0,44275,2023
Imouto wa GAL Kawaii,"Comedy, Hentai",63.0,2375,2023
Rougo ni Sonaete Isekai de 8-manmai no Kinka wo Tamemasu,"Comedy, Fantasy, Slice of Life",68.0,30215,2023
Dark Gathering,"Adventure, Horror, Supernatural",75.0,47707,2023
Bonyuu-chan wa Dashitai.,Hentai,68.0,1785,2023
Boku no Kokoro no Yabai Yatsu,"Comedy, Romance, Slice of Life",81.0,100866,2023
Tensei Kizoku no Isekai Boukenroku: Jichou wo Shiranai Kamigami no Shito,"Action, Comedy, Fantasy, Romance",66.0,55002,2023
Okashi na Tensei,"Action, Fantasy, Slice of Life",66.0,26625,2023
"MIX: MEISEI STORY 2ND SEASON  - Nidome no Natsu, Sora no Mukou e","Comedy, Drama, Romance, Slice of Life, Sports",69.0,2446,2023
Jidou Hanbaiki ni Umarekawatta Ore wa Meikyuu wo Samayou,"Adventure, Comedy, Fantasy",63.0,46039,2023
Ousama Ranking: Yuuki no Takarabako,"Action, Adventure, Drama, Fantasy",73.0,42471,2023
Aoharu Snatch,Hentai,53.0,923,2023
Tensei Oujo to Tensai Reijou no Mahou Kakumei,"Fantasy, Romance",75.0,64992,2023
Mark Your Kiss The Animation,Hentai,45.0,467,2023
PSYCHO-PASS PROVIDENCE,"Action, Psychological, Sci-Fi, Thriller",76.0,15270,2023
Tsurune: Tsunagari no Issha,"Drama, Slice of Life, Sports",81.0,15482,2023
"Isekai de Cheat Skill wo Te ni Shita Ore wa, Genjitsu Sekai wo mo Musou Suru: Level Up wa Jinsei wo Kaeta","Action, Adventure, Fantasy, Romance",63.0,98528,2023
Undead Unluck,"Action, Comedy, Sci-Fi, Supernatural",77.0,92177,2023
"Konyaku Haki sareta Reijou wo Hirotta Ore ga, Ikenai Koto wo Oshiekomu","Comedy, Fantasy, Romance, Slice of Life",70.0,32647,2023
Mahoutsukai no Yome SEASON 2,"Drama, Fantasy, Romance, Slice of Life, Supernatural",77.0,46866,2023
"Tearmoon Teikoku Monogatari: Dantoudai kara Hajimaru, Hime no Tensei Gyakuten Story","Drama, Fantasy, Romance",71.0,24800,2023
"Jitsu wa Ore, Saikyou Deshita?","Comedy, Fantasy, Romance",64.0,55823,2023
Megami no Café Terrace,"Comedy, Ecchi, Romance",71.0,40631,2023
Dekoboko Majo no Oyako Jijou,"Comedy, Fantasy",65.0,17050,2023
"Keikenzumi na Kimi to, Keiken Zero na Ore ga, Otsukiai suru Hanashi.",Romance,66.0,54305,2023
OVA Azur Lane: Queen's Orders,"Comedy, Slice of Life",65.0,3074,2023
Sousou no Frieren,"Adventure, Drama, Fantasy",91.0,261933,2023
SYNDUALITY Noir,"Action, Mecha, Sci-Fi",66.0,15465,2023
"Sazanami Soushi ni Shojo wo Sasagu: Saa, Jikkuri Medemashou ka","Hentai, Romance",57.0,1028,2023
Kanojo mo Kanojo Season 2,"Comedy, Ecchi, Romance, Slice of Life",69.0,32173,2023
"Kanojo, Okarishimasu 3rd Season","Comedy, Drama, Romance",69.0,52147,2023
NIJIYON ANIMATION,"Comedy, Music, Slice of Life",68.0,4885,2023
Youjo Shachou R,Comedy,,613,2023
Tokyo Mew Mew New~♡ 2nd Season,"Adventure, Comedy, Fantasy, Mahou Shoujo, Romance, Sci-Fi",65.0,5036,2023
Lupin III VS Cat's Eye,"Action, Adventure, Comedy, Mystery",66.0,2125,2023
Yamada-kun to Lv999 no Koi wo Suru,"Comedy, Drama, Romance",78.0,136671,2023
Fate/strange Fake: Whispers of Dawn,"Action, Adventure, Fantasy, Mystery, Supernatural",81.0,32489,2023
Seishun Buta Yarou wa Odekake Sister no Yume wo Minai,"Drama, Psychological, Supernatural",79.0,48587,2023
UniteUp!,Music,67.0,3908,2023
Gokushufudou Season 2,"Comedy, Slice of Life",75.0,29742,2023
Aggressive Retsuko Season 5,"Comedy, Music, Slice of Life",73.0,9124,2023
Onmyouji,"Mystery, Supernatural",64.0,3005,2023
ONIMUSHA,"Action, Supernatural",63.0,4866,2023
Majutsushi Orphen Hagure Tabi: Urbanrama-hen,"Action, Adventure, Fantasy",60.0,4418,2023
Kawaisugi Crisis,"Comedy, Sci-Fi, Slice of Life",65.0,13922,2023
Ars no Kyojuu,Fantasy,58.0,14942,2023
Kidou Senshi Gundam: Suisei no Majo Season 2,"Action, Mecha, Sci-Fi",78.0,33727,2023
Hataraku Maou-sama!! 2nd Season,"Adventure, Comedy, Fantasy, Romance, Slice of Life",66.0,42359,2023
REVENGER,Action,64.0,27233,2023
Dungeon ni Deai wo Motomeru no wa Machigatteiru Darou ka IV: Shin Shou Yakusai-hen,"Action, Adventure, Comedy, Fantasy, Romance",82.0,69131,2023
KJ File 2nd Season,"Action, Sci-Fi",44.0,454,2023
SHY,"Action, Drama",66.0,27573,2023
EVANGELION:3.0 (-46h),"Action, Mecha, Sci-Fi",71.0,7774,2023
"Seija Musou: Salaryman, Isekai de Ikinokoru Tame ni Ayumu Michi","Adventure, Comedy, Fantasy",70.0,33644,2023
Hoshikuzu Telepath,"Comedy, Drama, Slice of Life",70.0,20490,2023
Ojou to Banken-kun,"Drama, Romance",52.0,21738,2023
Uchi no Kaisha no Chiisai Senpai no Hanashi,"Comedy, Romance, Slice of Life",67.0,35497,2023
Aikatsu! 10th STORY: Mirai e no STARWAY (2023),Music,78.0,883,2023
Tengoku Daimakyou,"Adventure, Mystery, Sci-Fi, Thriller",82.0,152471,2023
Buddy Daddies,"Action, Comedy, Drama, Slice of Life",80.0,92387,2023
Hyakushou Kizoku,"Comedy, Slice of Life",64.0,1891,2023
AYAKA,"Action, Supernatural",61.0,15738,2023
FLAGLIA: Natsuyasumi No Monogatari,Drama,41.0,1136,2023
3Piece THE ANIMATION,Hentai,63.0,2382,2023
Boushoku no Berserk,"Action, Adventure, Drama, Fantasy, Romance",67.0,62336,2023
Higeki no Genkyou to Naru Saikyou Gedou Last Boss Joou wa Tami no Tame ni Tsukushimasu.,"Comedy, Fantasy, Romance",69.0,29295,2023
HIDARI (Pilot Film),Action,68.0,712,2023
Tondemo Skill de Isekai Hourou Meshi,"Adventure, Comedy, Fantasy",76.0,71581,2023
Otogibanashi no Onigokko,"Fantasy, Hentai",54.0,1356,2023
Yari Agari,Hentai,56.0,963,2023
Boukensha ni Naritai to Miyako ni Deteitta Musume ga S Rank ni Natteta,"Adventure, Fantasy",66.0,25653,2023
Uma Musume: Pretty Derby Season 3,"Drama, Slice of Life, Sports",77.0,9451,2023
Meitantei Conan: Kurogane no Submarine,"Drama, Mystery",82.0,4796,2023
THE MARGINAL SERVICE,"Action, Sci-Fi",50.0,7768,2023
Kizuna no Allele,"Music, Slice of Life",47.0,6647,2023
Dead Mount Death Play,"Action, Fantasy, Supernatural, Thriller",72.0,72817,2023
Jijou wo Shiranai Tenkousei ga Guigui Kuru.,"Comedy, Slice of Life",73.0,21697,2023
Yumemiru Danshi wa Genjitsushugisha,"Comedy, Romance, Slice of Life",65.0,54625,2023
Bullbuster,Mecha,58.0,4450,2023
Yomawari Neko,"Drama, Slice of Life",,269,2023
Majo wa Kekkyoku Sono Kyaku to... The Animation,"Fantasy, Hentai",65.0,1569,2023
Youkai Watch ♪: Jibanyan VS Komasan Monge Daikessen da Nyan,"Comedy, Supernatural",,225,2023
Love Live! Nijigasaki Gakuen School Idol Doukoukai: NEXT SKY,"Music, Slice of Life",74.0,4787,2023
Ikumonogakari The Animation,Hentai,63.0,1415,2023
Pole Princess!!,"Music, Slice of Life, Sports",50.0,2271,2023
World Dai Star,Music,72.0,6591,2023
Hirogaru Sky! Precure,"Action, Fantasy, Mahou Shoujo",74.0,5650,2023
Class de Otoko wa Boku Hitori!?: Kawaii Anoko-tachi ni Kakomarete,Hentai,67.0,2157,2023
Hi no Tori: Eden no Sora,"Drama, Fantasy, Sci-Fi",66.0,2720,2023
AI no Idenshi,"Drama, Psychological, Sci-Fi",63.0,15144,2023
Shin Jigen! Crayon Shin-chan THE MOVIE: Chounouryoku Daikessen - Tobe Tobe Temakizushi,Comedy,62.0,832,2023
Sakuretsu! Amabie-hime. Season2,Comedy,,110,2023
Watashi no Oshi wa Akuyaku Reijou.,"Comedy, Fantasy, Romance",73.0,43906,2023
Megumi no Daigo: Kyuukoku no Orange,"Action, Drama, Thriller",64.0,9479,2023
Pocket Monsters: Mezase Pokémon Master,"Action, Adventure, Comedy, Fantasy",74.0,9938,2023
Pocket Monsters (2023),"Action, Adventure, Fantasy",73.0,17002,2023
Arknights: Touin Kiro,"Action, Fantasy",74.0,15425,2023
SAND LAND,"Action, Adventure, Fantasy, Supernatural",67.0,4282,2023
ChroNoiR Episode.0,"Action, Fantasy, Supernatural",66.0,1710,2023
Kamonohashi Ron no Kindan Suiri,"Drama, Mystery",74.0,43914,2023
SPY×FAMILY Season 2,"Action, Comedy, Slice of Life, Supernatural",81.0,158713,2023
SPY×FAMILY CODE: White,"Action, Adventure, Comedy, Slice of Life, Supernatural",81.0,67796,2023
Slimetachi no Idobata Kaigi 2,"Comedy, Fantasy",47.0,585,2023
SSSS.GRIDMAN Movie,"Action, Mecha, Sci-Fi",62.0,2391,2023
SSSS.DYNAZENON Movie,"Action, Mecha, Sci-Fi",59.0,2073,2023
Meitantei Conan: Haibara Ai Monogatari - Kurogane no Mystery Train,Mystery,71.0,1586,2023
Houkago Shounen Hanako-kun,"Comedy, Slice of Life, Supernatural",71.0,20398,2023
Mahoutsukai ni Narenakatta Onnanoko no Hanashi.,Fantasy,61.0,8764,2024
Hibike! Euphonium 3,"Drama, Music, Slice of Life",87.0,25520,2024
Uzumaki,"Drama, Horror, Mystery, Psychological, Supernatural",56.0,70978,2024
Code Geass: Dakkan no Rozé,"Action, Drama, Mecha, Sci-Fi, Thriller",65.0,26922,2024
"Maou Gakuin no Futekigousha: Shijou Saikyou no Maou no Shiso, Tensei shite Shison-tachi no Gakkou e Kayou II Part 2","Action, Fantasy",65.0,47539,2024
Overlord: Sei Oukoku-hen,"Action, Adventure, Fantasy",79.0,40506,2024
Kidou Senshi Gundam SEED FREEDOM,"Action, Drama, Mecha, Romance, Sci-Fi",73.0,4800,2024
Grimm Kumikyoku,"Fantasy, Psychological, Sci-Fi, Thriller",66.0,12726,2024
Kono Subarashii Sekai ni Shukufuku wo! 3,"Action, Adventure, Comedy, Ecchi, Fantasy",83.0,123677,2024
BEASTARS FINAL SEASON Part 1,"Drama, Mystery, Psychological, Slice of Life",79.0,26637,2024
Chiyu Mahou no Machigatta Tsukaikata,"Action, Fantasy",75.0,75726,2024
Thunderbolt Fantasy: Touriken Yuuki 4,"Action, Drama, Fantasy",67.0,888,2024
FAIRY TAIL: 100 YEARS QUEST,"Action, Adventure, Comedy, Fantasy",76.0,41785,2024
Tsuki ga Michibiku Isekai Douchuu 2nd Season,"Action, Adventure, Comedy, Fantasy",78.0,77461,2024
"Kimi to Boku no Saigo no Senjou, Aruiwa Sekai ga Hajimaru Seisen Season II","Action, Fantasy, Romance",66.0,27988,2024
Seirei Gensouki 2,"Action, Drama, Fantasy, Romance",69.0,48468,2024
Mato Seihei no Slave,"Action, Adventure, Drama, Ecchi, Fantasy, Romance",67.0,68213,2024
Mahouka Koukou no Rettousei 3rd Season,"Action, Sci-Fi, Supernatural",70.0,39773,2024
Jaku-Chara Tomozaki-kun 2nd STAGE,"Comedy, Drama, Romance, Slice of Life",70.0,39895,2024
Kami wa Game ni Ueteiru.,"Comedy, Drama, Ecchi, Fantasy, Romance",60.0,30093,2024
BLOODY ESCAPE: Jigoku no Tousou Geki,"Action, Drama, Supernatural",,1889,2024
Yamato yo Towa ni: REBEL3199,"Action, Sci-Fi",,1564,2024
Ookami to Koushinryou: MERCHANT MEETS THE WISE WOLF,"Adventure, Fantasy, Romance",79.0,71924,2024
Youkoso Jitsuryoku Shijou Shugi no Kyoushitsu e 3rd Season,"Drama, Psychological",79.0,121909,2024
Dead Dead Demon's Dededededestruction Zenshou,"Comedy, Drama, Sci-Fi, Slice of Life",72.0,16165,2024
Tonari no Youkai-san,"Drama, Slice of Life, Supernatural",71.0,7486,2024
Nozomanu Fushi no Boukensha,"Action, Adventure, Fantasy",74.0,49483,2024
SHAMAN KING: FLOWERS,"Action, Adventure, Comedy, Supernatural",65.0,8715,2024
Suki demo Kirai na Amanojaku,"Adventure, Supernatural",68.0,11720,2024
Touken Ranbu Kai: Kyoden Moyuru Honnouji,"Action, Fantasy",53.0,4343,2024
Rick and Morty: The Anime,"Adventure, Comedy, Sci-Fi",43.0,5829,2024
Murai no Koi,"Comedy, Romance",67.0,5414,2024
Garden of Remembrance,Music,70.0,3543,2024
Mononoke: Karakasa,"Fantasy, Horror, Mystery, Psychological, Supernatural",80.0,13316,2024
Date A Live V,"Action, Comedy, Ecchi, Fantasy, Mecha, Romance, Sci-Fi",76.0,32845,2024
Chi. Chikyuu no Undou ni Tsuite,Drama,82.0,43636,2024
Ninja Kamui,"Action, Adventure, Drama, Sci-Fi",66.0,59036,2024
Ore dake Level Up na Ken,"Action, Adventure, Fantasy",82.0,263870,2024
Isekai de Mofumofu Nadenade Suru Tame ni Ganbattemasu.,"Adventure, Fantasy, Slice of Life",66.0,21788,2024
Isekai Shikkaku,"Comedy, Fantasy, Romance, Slice of Life, Supernatural",71.0,59666,2024
HIGHSPEED Étoile,Sports,52.0,6248,2024
Gimai Seikatsu,"Romance, Slice of Life",73.0,53444,2024
Sasaki to Pii-chan,"Comedy, Fantasy",67.0,29567,2024
Kaijuu 8-gou,"Action, Sci-Fi",83.0,166469,2024
Kami no Tou: Tower of God 2nd Season,"Action, Adventure, Drama, Fantasy, Mystery",67.0,90341,2024
Dungeon Meshi,"Adventure, Comedy, Fantasy",85.0,137942,2024
Haikyuu!!: Gomi Suteba no Kessen,"Comedy, Drama, Sports",86.0,60886,2024
Majo to Yajuu,"Action, Adventure, Drama, Fantasy",72.0,48084,2024
Grendizer U,"Action, Adventure, Mecha",58.0,3131,2024
Arifureta Shokugyou de Sekai Saikyou 3rd season,"Action, Adventure, Fantasy, Psychological",71.0,46388,2024
Mecha-ude (TV),"Action, Mecha, Sci-Fi",67.0,17428,2024
ATRI: My Dear Moments,"Drama, Romance, Sci-Fi",70.0,23384,2024
Tsuma wo Dousoukai ni Ikasetara,Hentai,57.0,689,2024
Kingdom 5th Season,Action,84.0,8850,2024
Love Live! Superstar!! 3rd Season,"Music, Slice of Life",78.0,6924,2024
Urusei Yatsura (2022) 2nd Season,"Comedy, Romance, Sci-Fi, Supernatural",78.0,16989,2024
Shuumatsu Train Doko e Iku?,"Adventure, Comedy, Sci-Fi, Supernatural",73.0,28375,2024
Bartender: Kami no Glass,"Drama, Slice of Life",73.0,37794,2024
Yuru Camp△ SEASON 3,"Comedy, Slice of Life",80.0,27979,2024
Dosanko Gal wa Namara Menkoi,"Comedy, Romance, Slice of Life",69.0,54887,2024
"Maou no Ore ga Dorei Elf wo Yome ni Shitanda ga, Dou Medereba Ii?","Action, Fantasy, Romance",73.0,47596,2024
"Shin no Nakama ja Nai to Yuusha no Party wo Oidasareta node, Henkyou de Slow Life suru Koto ni shimashita 2nd","Action, Adventure, Fantasy, Romance, Slice of Life",68.0,39330,2024
"Tensei Shitara Dai Nana Ouji Dattanode, Kimamani Majutsu wo Kiwamemasu","Action, Adventure, Fantasy",74.0,58614,2024
i☆Ris the Movie: Full Energy!!,"Fantasy, Music",54.0,824,2024
Tensei Shitara Slime Datta Ken 3rd Season,"Action, Adventure, Comedy, Fantasy",77.0,118265,2024
Saijaku Tamer wa Gomi Hiroi no Tabi wo Hajimemashita.,"Adventure, Fantasy",74.0,32824,2024
"Bye Bye, Earth","Action, Adventure, Fantasy",60.0,18416,2024
Acro Trip,"Comedy, Fantasy, Mahou Shoujo",69.0,8715,2024
"Sokushi Cheat ga Saikyou Sugite, Isekai no Yatsura ga Marude Aite ni Naranai n desu ga.","Action, Adventure, Comedy, Fantasy",63.0,47069,2024
Kimi no Iro,Music,79.0,16650,2024
Sentai Daishikkaku,"Action, Comedy, Drama, Sci-Fi",72.0,53356,2024
2.5 Jigen no Ririsa,"Comedy, Ecchi, Romance, Slice of Life",71.0,40147,2024
Bakeneko Anzu-chan,"Fantasy, Slice of Life, Supernatural",70.0,2722,2024
Unnamed Memory,"Adventure, Fantasy, Romance",66.0,40568,2024
Yozakura-san Chi no Daisakusen,"Action, Comedy, Romance",73.0,43243,2024
Ao no Exorcist: Shimane Illuminati-hen,"Action, Fantasy, Supernatural",70.0,44744,2024
Saint Seiya: Knights of the Zodiac Battle Sanctuary Part 2,"Adventure, Fantasy",54.0,680,2024
Seiyuu Radio no Uraomote,"Comedy, Drama, Slice of Life",69.0,19166,2024
Kaii to Otome to Kamikakushi,"Ecchi, Horror, Mystery, Romance, Supernatural",66.0,30797,2024
Sasayaku You ni Koi wo Utau,"Drama, Music, Romance",64.0,35049,2024
Kekkon Yubiwa Monogatari,"Adventure, Comedy, Ecchi, Fantasy, Romance",59.0,34476,2024
VTuber nanda ga Haishin Kiri Wasuretara Densetsu ni Natteta,"Comedy, Slice of Life",69.0,23798,2024
Blue Archive The Animation,"Action, Comedy, Fantasy, Slice of Life",67.0,22301,2024
Ishura,"Action, Drama, Fantasy",64.0,32510,2024
Kyuujitsu no Warumono-san,"Comedy, Slice of Life",71.0,29387,2024
Gekai Elise,"Comedy, Fantasy, Romance",71.0,28007,2024
Mahou Shoujo ni Akogarete,"Comedy, Ecchi, Mahou Shoujo, Slice of Life",74.0,52128,2024
"Tsuma, Shougakusei ni Naru.","Comedy, Drama, Romance, Slice of Life",72.0,16673,2024
Kinnikuman: Kanpeki Choujin Shiso-hen,"Action, Comedy, Sports",67.0,2611,2024
Tokidoki Bosotto Russiago de Dereru Tonari no Alya-san,"Comedy, Romance, Slice of Life",76.0,116509,2024
Hikari no Ou 2nd Season,"Action, Adventure, Drama, Fantasy, Mystery",59.0,4297,2024
The iDOLM@STER: Shiny Colors,Music,57.0,4387,2024
Nige Jouzu no Wakagimi,"Action, Adventure, Supernatural",77.0,59289,2024
Metallic Rouge,"Action, Mystery, Sci-Fi",59.0,38268,2024
Given: Hiiragi mix,"Drama, Music, Romance",79.0,12786,2024
Akuyaku Reijou Level 99: Watashi wa Ura Boss desu ga Maou de wa Arimasen,"Comedy, Fantasy, Romance",71.0,50198,2024
Kono Sekai wa Fukanzen Sugiru,"Adventure, Comedy, Fantasy",63.0,16019,2024
Yoru no Kurage wa Oyogenai,"Drama, Music, Slice of Life",77.0,45359,2024
Senpai wa Otokonoko,"Comedy, Drama, Romance",73.0,25959,2024
Re:Zero kara Hajimeru Isekai Seikatsu 3rd Season,"Action, Adventure, Drama, Fantasy, Psychological, Romance, Thriller",85.0,101983,2024
Maou 2099,"Action, Comedy, Drama, Fantasy, Sci-Fi",74.0,35623,2024
Boku no Hero Academia 7,"Action, Adventure",81.0,108995,2024
Rinkai!,Sports,50.0,3571,2024
Blue Lock VS. U-20 JAPAN,"Action, Drama, Sports",75.0,86880,2024
Blue Lock: EPISODE Nagi,"Action, Drama, Sports",74.0,35596,2024
HIGH CARD season 2,"Action, Fantasy",70.0,13686,2024
WIND BREAKER,"Action, Comedy, Drama",78.0,112576,2024
"Shinmai Ossan Bouken-sha, Saikyou Party ni Shinu Hodo Kitaerarete Muteki ni Naru.","Action, Adventure, Comedy, Fantasy",73.0,43852,2024
Giji Harem,"Comedy, Romance, Slice of Life",76.0,52782,2024
Amagami-san Chi no Enmusubi,"Comedy, Drama, Ecchi, Romance",67.0,26265,2024
Cardfight!! Vanguard: Divinez,"Action, Adventure, Fantasy",67.0,1386,2024
GIRLS BAND CRY,"Drama, Music, Slice of Life",83.0,39291,2024
Oroka na Tenshi wa Akuma to Odoru,"Comedy, Romance, Supernatural",68.0,38594,2024
Yarinaoshi Reijou wa Ryuutei Heika wo Kouryaku-chuu,"Fantasy, Romance",69.0,22822,2024
Ooi! Tonbo,"Drama, Sports",67.0,4536,2024
"Tensei Kizoku, Kantei Skill de Nariagaru","Adventure, Fantasy",71.0,45895,2024
Bocchi the Rock! Re:,"Comedy, Music, Slice of Life",82.0,19645,2024
BUCCHIGIRI?!,"Action, Supernatural",65.0,31147,2024
Pon no Michi,Slice of Life,61.0,12145,2024
Yuuki Bakuhatsu Bang Bravern,"Action, Comedy, Mecha",76.0,11937,2024
Cardfight!! Vanguard: Divinez Season 2,"Action, Adventure, Fantasy",67.0,911,2024
"Kekkon Suru tte, Hontou desu ka","Romance, Slice of Life",70.0,29903,2024
Shin Tennis no Ouji-sama: U-17 WORLD CUP SEMIFINAL,"Action, Comedy, Sports",59.0,1958,2024
Hananoi-kun to Koi no Yamai,"Drama, Romance",66.0,37693,2024
Snack Basue,Comedy,58.0,3240,2024
Boku no Kokoro no Yabai Yatsu 2nd Season,"Comedy, Romance, Slice of Life",87.0,62725,2024
Kimetsu no Yaiba: Hashira Geiko-hen,"Action, Adventure, Drama, Fantasy, Supernatural",81.0,164044,2024
"Dekisokonai to Yobareta Moto Eiyuu wa, Jikka kara Tsuihou Sareta node Suki Katte ni Ikiru Koto ni Shita","Action, Adventure, Fantasy, Romance",48.0,25141,2024
Love Live! Nijigasaki Gakuen School Idol Doukoukai: Kanketsu-hen 1,"Music, Slice of Life",70.0,3079,2024
Megami no Café Terrace 2nd Season,"Comedy, Drama, Ecchi, Romance",73.0,19419,2024
"Hime-sama, ""Goumon"" no Jikan desu","Comedy, Fantasy, Slice of Life",71.0,22850,2024
[Oshi no Ko] 2nd Season,"Drama, Mystery, Psychological, Supernatural",86.0,115628,2024
MASHLE: Kami Shinkakusha Kouho Senbatsu Shiken-hen,"Action, Comedy, Fantasy",78.0,119723,2024
Natsume Yuujinchou Shichi,"Drama, Fantasy, Slice of Life, Supernatural",84.0,10083,2024
Tasogare Outfocus,"Drama, Romance",73.0,13871,2024
Kidou Senshi Gundam: Fukushuu no Requiem,"Mecha, Sci-Fi",61.0,4025,2024
Isekai Suicide Squad,"Action, Adventure, Fantasy, Sci-Fi",63.0,51278,2024
Kuroshitsuji: Kishuku Gakkou-hen,"Action, Comedy, Fantasy, Mystery, Supernatural",78.0,21698,2024
Yubisaki to Renren,"Romance, Slice of Life",82.0,87712,2024
Henjin no Salad Bowl,"Comedy, Fantasy, Slice of Life",72.0,20237,2024
Mushoku Tensei II: Isekai Ittara Honki Dasu Part 2,"Adventure, Drama, Ecchi, Fantasy",84.0,128035,2024
The Fable,"Action, Comedy, Drama, Romance, Thriller",76.0,21784,2024
Doraemon: Nobita no Chikyuu Symphony,"Adventure, Comedy, Music, Sci-Fi",68.0,1017,2024
30-sai made Doutei da to Mahou Tsukai ni Nareru Rashii,"Comedy, Romance, Slice of Life, Supernatural",75.0,21325,2024
Eiyuu Kyoushitsu OVA,"Fantasy, Slice of Life",59.0,3020,2024
Sword Art Online Alternative: Gun Gale Online II,"Action, Sci-Fi",70.0,29522,2024
Koi wa Futago de Warikirenai,Romance,62.0,19950,2024
Momochi-san Chi no Ayakashi Ouji,"Romance, Supernatural",61.0,15122,2024
MONSTERS: Ippaku Sanjou Hiryuu Jigoku,"Action, Comedy, Drama",77.0,19559,2024
Naze Boku no Sekai wo Daremo Oboeteinai no ka?,"Action, Adventure, Fantasy, Sci-Fi",62.0,37751,2024
NieR:Automata Ver1.1a 2nd Season,"Action, Drama, Fantasy, Psychological, Sci-Fi",80.0,25416,2024
Watashi no Shiawase na Katachi,"Drama, Romance, Supernatural",76.0,17746,2024
Boukyaku Battery (TV),"Comedy, Sports",74.0,13212,2024
Oomuro-ke: dear sisters,"Comedy, Slice of Life",77.0,6540,2024
Delico's Nursery,"Fantasy, Mystery, Supernatural",67.0,16038,2024
Boku no Hero Academia THE MOVIE: YOU'RE NEXT,"Action, Adventure, Sci-Fi",76.0,24252,2024
Jii-san Baa-san Wakagaeru,"Comedy, Fantasy, Romance, Slice of Life",71.0,36082,2024
Rekishi ni Nokoru Akujo ni Naruzo,"Comedy, Fantasy, Romance",72.0,31017,2024
Sengoku Youko,"Action, Adventure, Fantasy",69.0,22423,2024
Dungeon no Naka no Hito,"Adventure, Comedy, Fantasy",70.0,13877,2024
"Loop 7-kaime no Akuyaku Reijou wa, Moto Tekikoku de Jiyuu Kimama na Hanayome Seikatsu wo Mankitsu Suru","Fantasy, Romance",75.0,52750,2024
"Maou-sama, Retry! R","Action, Adventure, Comedy, Fantasy",56.0,14671,2024
Haigakura,"Action, Adventure, Fantasy",50.0,5224,2024
Madougushi Dahlia wa Utsumukanai,"Comedy, Fantasy, Romance",67.0,21316,2024
Kemonokko Tsuushin: The Animation - Toriko Rupia,Hentai,55.0,703,2024
Kimi ni Todoke 3RD SEASON,"Comedy, Drama, Romance, Slice of Life",85.0,29890,2024
NO Wife NO LIFE!,Hentai,59.0,1136,2024
Zegapain STA,"Action, Mecha, Romance, Sci-Fi",,772,2024
Hamidashi Creative,Romance,51.0,1970,2024
Kateikyoushi x Saimin 2 The Animation,Hentai,56.0,861,2024
Ao no Miburo,Drama,62.0,10418,2024
Harimaware! Koinu,"Comedy, Slice of Life",,274,2024
Trillion Game,"Action, Comedy, Drama, Psychological",66.0,8994,2024
Wonderful Precure! The Movie! Dokidoki♡Game no Sekai de Daibouken!,Mahou Shoujo,,877,2024
Re:Monster,"Action, Adventure, Fantasy",65.0,44371,2024
Gekkan Mousou Kagaku,"Slice of Life, Supernatural",47.0,4004,2024
SYNDUALITY Noir Part 2,"Drama, Mecha, Sci-Fi",70.0,5442,2024
Shinigami Bocchan to Kuro Maid 3rd Season,"Comedy, Drama, Romance, Supernatural",80.0,14738,2024
Kengan Ashura Season 2 Part 2,"Action, Sports",78.0,6835,2024
"Tadaima, Okaeri","Drama, Romance, Slice of Life",74.0,11145,2024
Meitantei Conan: 100-man Dol no Michishirube,"Adventure, Mystery",77.0,3218,2024
BLEACH: Sennen Kessen-hen - Soukoku-tan,"Action, Adventure, Supernatural",87.0,64696,2024
RABBITS KINGDOM THE MOVIE,"Fantasy, Music",,629,2024
Kurayukaba,"Fantasy, Mystery",62.0,4498,2024
"One Room, Hi Atari Futsuu, Tenshi Tsuki.","Comedy, Romance, Slice of Life, Supernatural",68.0,21694,2024
T・P Bon,Sci-Fi,65.0,3393,2024
Goukon ni Ittara Onna ga Inakatta Hanashi,"Comedy, Romance",73.0,15582,2024
"Saikyou Tank no Meikyuu Kouryaku: Tairyoku 9999 no Rare Skill-mochi Tank, Yuusha Party wo Tsuihou Sareru","Action, Adventure, Fantasy",59.0,24462,2024
Dragon Ball DAIMA,"Action, Adventure",76.0,36537,2024
Lv2 Kara Cheat datta Moto Yuusha Kouho no Mattari Isekai Life,"Adventure, Fantasy, Romance",68.0,57317,2024
Konomi ja Nai kedo: Mukatsuku Ane to Aishou Batsugun Ecchi,Hentai,66.0,1235,2024
Raise wa Tanin ga Ii,"Comedy, Drama, Romance",71.0,35528,2024
Karasu wa Aruji wo Erabanai,"Action, Drama, Fantasy, Supernatural",78.0,13739,2024
SiNiSistar,Hentai,46.0,620,2024
Shin Yaranai ka,Comedy,49.0,1378,2024
Fleur The Animation,Hentai,63.0,1042,2024
Vampire Dormitory,"Romance, Supernatural",59.0,13828,2024
Ore wa Subete wo [Parry] Suru: Gyaku Kanchigai no Sekai Saikyou wa Boukensha ni Naritai,"Action, Adventure, Fantasy",69.0,52079,2024
Dungeon ni Deai wo Motomeru no wa Machigatteiru Darou ka V: Houjou no Megami-hen,"Action, Adventure, Comedy, Fantasy, Romance",78.0,49946,2024
THE NEW GATE,"Action, Adventure, Fantasy",63.0,37725,2024
Na-Nare Hana-Nare,Sports,61.0,12883,2024
Houkago Shounen Hanako-kun 2,"Comedy, Slice of Life, Supernatural",70.0,11150,2024
"Modaete yo, Adam-kun",Hentai,65.0,4113,2024
GREAT PRETENDER: razbliuto,"Action, Drama, Thriller",69.0,15855,2024
Katsute Mahou Shoujo to Aku wa Tekitai Shite Ita.,"Comedy, Fantasy, Mahou Shoujo, Romance",75.0,26950,2024
Ao no Hako,"Romance, Slice of Life, Sports",80.0,71729,2024
Yami Shibai 12,"Horror, Supernatural",54.0,1447,2024
"Mitasarete Mezameru Asa ni, Jimi na Choushoku wo The Animation",Hentai,67.0,1405,2024
Ramen Aka Neko,"Comedy, Fantasy, Slice of Life",68.0,4591,2024
69: Itsuwari no Hohoe,Hentai,56.0,681,2024
Dandadan,"Action, Comedy, Drama, Romance, Sci-Fi, Supernatural",85.0,205500,2024
"Meitou ""Isekai no Yu"" Kaitaku-ki: AraFou Onsen Mania Tensei-saki wa, Nonbiri Onsen Tengoku Deshita","Ecchi, Fantasy",49.0,9779,2024
Kabushiki Gaisha Magi Lumiere,"Action, Comedy, Fantasy, Mahou Shoujo",69.0,12362,2024
Paripi Koumei: Road To Summer Sonia,"Comedy, Drama, Music, Supernatural",70.0,7874,2024
Wonderful Precure!,"Fantasy, Mahou Shoujo",76.0,3900,2024
Isekai Yururi Kikou: Kosodate Shinagara Boukensha Shimasu,"Adventure, Fantasy, Slice of Life",66.0,23053,2024
Hoshi Furu Oukoku no Nina,"Drama, Fantasy, Romance",71.0,15486,2024
Astro Note,"Comedy, Romance, Sci-Fi",64.0,10483,2024
Himitsu no AiPri,"Music, Slice of Life",64.0,1783,2024
Bocchi the Rock! Re:Re:,"Comedy, Music, Slice of Life",81.0,10169,2024
Fureru.,"Drama, Supernatural",,5584,2024
Rising Impact,"Comedy, Drama, Sports",77.0,5706,2024
Meiji Gekken: 1874,"Action, Drama, Mystery",60.0,4985,2024
Crayon Shin-chan: Ora-tachi no Kyouryuu Nikki,"Comedy, Ecchi, Slice of Life",,585,2024
trapezium,"Drama, Music",71.0,8347,2024
Kotowarenai Haha,Hentai,59.0,1004,2024
NocturnaL,Hentai,60.0,827,2024
Puniru wa Kawaii Slime,"Comedy, Fantasy, Romance, Slice of Life",68.0,4758,2024
Make Heroine ga Oosugiru!,"Comedy, Romance",81.0,75497,2024
Youkai Gakkou no Sensei Hajimemashita!,"Comedy, Supernatural",62.0,10455,2024
Kuramerukagari,Fantasy,60.0,4205,2024
Rurouni Kenshin: Meiji Kenkaku Romantan - Kyoto Douran,"Action, Adventure, Drama, Romance",78.0,14351,2024
MF Ghost 2nd Season,"Sci-Fi, Sports",76.0,11165,2024
Hyakushou Kizoku 2,"Comedy, Slice of Life",62.0,745,2024
SHY: Tokyo Dakkan-hen,"Action, Drama",67.0,9346,2024
Oshiri Tantei: Saraba Itoshiki Oshiri yo,"Comedy, Mystery",,138,2024
Shadowverse Flame: Arc-hen,Fantasy,61.0,899,2024
Kimi wa Meido-sama.,"Comedy, Romance, Slice of Life",69.0,37903,2024
Kamierabi GOD.app Season 2,"Action, Drama, Psychological, Supernatural",58.0,2590,2024
Yumemiru Otome,Hentai,56.0,609,2024
NIJIYON ANIMATION 2,"Comedy, Music, Slice of Life",69.0,2428,2024
Kamonohashi Ron no Kindan Suiri 2nd Season,"Drama, Mystery",75.0,15943,2024
Shinkalion: Change the World,"Action, Mecha, Sci-Fi",49.0,3063,2024
Ruins Seeker,"Fantasy, Hentai",48.0,562,2024
Ojisan de Umeru Ana The Animation,Hentai,59.0,961,2024
Mob kara Hajimaru Tansaku Eiyuutan,"Action, Fantasy",57.0,21196,2024
Uma Musume: Pretty Derby - Shin Jidai no Tobira,"Drama, Slice of Life, Sports",87.0,5419,2024
Shinobanai! Crypto Ninja Sakuya Ni no Maki,"Action, Comedy",,115,2024
Jongtama Kan!!,Comedy,54.0,1873,2024
Sore Ike! Anpanman: Baikinman to Ehon no Lulun,"Comedy, Fantasy",,134,2024
